4635	event-1	PUBLISHED	0	249.2350	NULL	NULL
4636	event-2	PUBLISHED	0	255.4190	NULL	NULL
4637	event-3	PUBLISHED	0	257.2500	NULL	NULL
4638	event-4	PUBLISHED	0	259.0390	NULL	NULL
4639	event-5	PUBLISHED	0	260.4180	NULL	NULL
4640	event-6	PUBLISHED	0	263.8860	NULL	NULL
4641	event-7	PUBLISHED	0	265.7860	NULL	NULL
4642	event-8	PUBLISHED	0	267.6910	NULL	NULL
4643	event-9	PUBLISHED	0	272.5410	NULL	NULL
4644	event-10	PUBLISHED	0	274.3960	NULL	NULL
4645	event-11	PUBLISHED	0	275.5260	NULL	NULL
4646	event-12	PUBLISHED	0	276.6060	NULL	NULL
4647	event-13	PUBLISHED	0	279.1860	NULL	NULL
4648	event-14	PUBLISHED	0	280.9220	NULL	NULL
4649	event-15	PUBLISHED	0	282.3140	NULL	NULL
4650	event-16	PUBLISHED	0	283.5460	NULL	NULL
4651	event-17	PUBLISHED	0	285.0890	NULL	NULL
4652	event-18	PUBLISHED	0	286.7270	NULL	NULL
4653	event-19	PUBLISHED	0	287.8430	NULL	NULL
4654	event-20	PUBLISHED	0	291.8890	NULL	NULL
4655	event-21	PUBLISHED	0	294.1720	NULL	NULL
4656	event-22	PUBLISHED	0	295.5550	NULL	NULL
4657	event-23	PUBLISHED	0	296.8670	NULL	NULL
4658	event-24	PUBLISHED	0	298.2410	NULL	NULL
4659	event-25	PUBLISHED	0	299.5170	NULL	NULL
4660	event-26	PUBLISHED	0	300.8290	NULL	NULL
4661	event-27	PUBLISHED	0	302.6050	NULL	NULL
4662	event-28	PUBLISHED	0	304.7310	NULL	NULL
4663	event-29	PUBLISHED	0	309.7270	NULL	NULL
4664	event-30	PUBLISHED	0	311.4470	NULL	NULL
4665	event-31	PUBLISHED	0	312.9750	NULL	NULL
4666	event-32	PUBLISHED	0	314.5090	NULL	NULL
4667	event-33	PUBLISHED	0	315.7250	NULL	NULL
4668	event-34	PUBLISHED	0	316.7840	NULL	NULL
4669	event-35	PUBLISHED	0	318.3810	NULL	NULL
4670	event-36	PUBLISHED	0	319.9570	NULL	NULL
4671	event-37	PUBLISHED	0	321.2160	NULL	NULL
4672	event-38	PUBLISHED	0	322.3970	NULL	NULL
4673	event-39	PUBLISHED	0	323.8600	NULL	NULL
4674	event-40	PUBLISHED	0	330.4440	NULL	NULL
4675	event-41	PUBLISHED	0	331.7100	NULL	NULL
4676	event-42	PUBLISHED	0	332.9500	NULL	NULL
4677	event-43	PUBLISHED	0	334.3140	NULL	NULL
4678	event-44	PUBLISHED	0	337.6740	NULL	NULL
4679	event-45	PUBLISHED	0	341.5580	NULL	NULL
4680	event-46	PUBLISHED	0	344.1920	NULL	NULL
4681	event-47	PUBLISHED	0	345.7880	NULL	NULL
4682	event-48	PUBLISHED	0	347.2450	NULL	NULL
4683	event-49	PUBLISHED	0	349.6220	NULL	NULL
4684	event-50	PUBLISHED	0	352.4200	NULL	NULL
4685	event-51	PUBLISHED	0	354.3000	NULL	NULL
4686	event-52	PUBLISHED	0	355.4640	NULL	NULL
4687	event-53	PUBLISHED	0	356.6120	NULL	NULL
4688	event-54	PUBLISHED	0	357.6310	NULL	NULL
4689	event-55	PUBLISHED	0	358.7170	NULL	NULL
4690	event-56	PUBLISHED	0	359.6250	NULL	NULL
4691	event-57	PUBLISHED	0	360.9420	NULL	NULL
4692	event-58	PUBLISHED	0	362.5190	NULL	NULL
4693	event-59	PUBLISHED	0	363.7150	NULL	NULL
4694	event-60	PUBLISHED	0	365.4140	NULL	NULL
4695	event-61	PUBLISHED	0	367.7080	NULL	NULL
4696	event-62	PUBLISHED	0	372.3810	NULL	NULL
4697	event-63	PUBLISHED	0	374.1370	NULL	NULL
4698	event-64	PUBLISHED	0	375.8700	NULL	NULL
4699	event-65	PUBLISHED	0	377.5410	NULL	NULL
4700	event-66	PUBLISHED	0	380.3220	NULL	NULL
4701	event-67	PUBLISHED	0	382.6100	NULL	NULL
4702	event-68	PUBLISHED	0	383.8570	NULL	NULL
4703	event-69	PUBLISHED	0	385.7650	NULL	NULL
4704	event-70	PUBLISHED	0	387.3410	NULL	NULL
4705	event-71	PUBLISHED	0	388.5200	NULL	NULL
4706	event-72	PUBLISHED	0	389.6240	NULL	NULL
4707	event-73	PUBLISHED	0	390.9380	NULL	NULL
4708	event-74	PUBLISHED	0	392.2210	NULL	NULL
4709	event-75	PUBLISHED	0	395.4330	NULL	NULL
4710	event-76	PUBLISHED	0	396.9550	NULL	NULL
4711	event-77	PUBLISHED	0	397.9330	NULL	NULL
4712	event-78	PUBLISHED	0	398.9320	NULL	NULL
4713	event-79	PUBLISHED	0	399.7270	NULL	NULL
4714	event-80	PUBLISHED	0	400.7050	NULL	NULL
4715	event-81	PUBLISHED	0	404.0950	NULL	NULL
4716	event-82	PUBLISHED	0	406.0920	NULL	NULL
4717	event-83	PUBLISHED	0	407.6340	NULL	NULL
4718	event-84	PUBLISHED	0	409.2110	NULL	NULL
4719	event-85	PUBLISHED	0	411.7360	NULL	NULL
4720	event-86	PUBLISHED	0	413.6370	NULL	NULL
4721	event-87	PUBLISHED	0	419.1200	NULL	NULL
4722	event-88	PUBLISHED	0	420.7230	NULL	NULL
4723	event-89	PUBLISHED	0	422.0510	NULL	NULL
4724	event-90	PUBLISHED	0	423.5710	NULL	NULL
4725	event-91	PUBLISHED	0	424.8300	NULL	NULL
4726	event-92	PUBLISHED	0	425.8290	NULL	NULL
4727	event-93	PUBLISHED	0	426.8700	NULL	NULL
4728	event-94	PUBLISHED	0	431.0420	NULL	NULL
4729	event-95	PUBLISHED	0	432.3730	NULL	NULL
4730	event-96	PUBLISHED	0	433.6160	NULL	NULL
4731	event-97	PUBLISHED	0	434.8410	NULL	NULL
4732	event-98	PUBLISHED	0	435.9270	NULL	NULL
4733	event-99	PUBLISHED	0	437.0580	NULL	NULL
4734	event-100	PUBLISHED	0	438.7900	NULL	NULL
4735	event-101	PUBLISHED	0	3845.7880	NULL	NULL
4736	event-102	PUBLISHED	0	3852.9420	NULL	NULL
4737	event-103	PUBLISHED	0	3857.2360	NULL	NULL
4738	event-104	PUBLISHED	0	3862.5490	NULL	NULL
4739	event-105	PUBLISHED	0	3866.6610	NULL	NULL
4740	event-106	PUBLISHED	0	3870.5810	NULL	NULL
4741	event-107	PUBLISHED	0	3874.7930	NULL	NULL
4742	event-108	PUBLISHED	0	3881.3560	NULL	NULL
4743	event-109	PUBLISHED	0	3886.5760	NULL	NULL
4744	event-110	PUBLISHED	0	3890.1310	NULL	NULL
4745	event-111	PUBLISHED	0	3894.4010	NULL	NULL
4746	event-112	PUBLISHED	0	3899.6770	NULL	NULL
4747	event-113	PUBLISHED	0	3907.0840	NULL	NULL
4748	event-114	PUBLISHED	0	3910.6270	NULL	NULL
4749	event-115	PUBLISHED	0	3914.5720	NULL	NULL
4750	event-116	PUBLISHED	0	3918.1360	NULL	NULL
4751	event-117	PUBLISHED	0	3922.4250	NULL	NULL
4752	event-118	PUBLISHED	0	3926.0660	NULL	NULL
4753	event-119	PUBLISHED	0	3930.6190	NULL	NULL
4754	event-120	PUBLISHED	0	3934.0720	NULL	NULL
4755	event-121	PUBLISHED	0	3936.7920	NULL	NULL
4756	event-122	PUBLISHED	0	3939.5030	NULL	NULL
4757	event-123	PUBLISHED	0	3942.3130	NULL	NULL
4758	event-124	PUBLISHED	0	3945.5670	NULL	NULL
4759	event-125	PUBLISHED	0	3949.2860	NULL	NULL
4760	event-126	PUBLISHED	0	3952.7480	NULL	NULL
4761	event-127	PUBLISHED	0	3956.5370	NULL	NULL
4762	event-128	PUBLISHED	0	3961.7340	NULL	NULL
4763	event-129	PUBLISHED	0	3966.0860	NULL	NULL
4764	event-130	PUBLISHED	0	3968.1120	NULL	NULL
4765	event-131	PUBLISHED	0	3969.8240	NULL	NULL
4766	event-132	PUBLISHED	0	3972.6220	NULL	NULL
4767	event-133	PUBLISHED	0	3979.2800	NULL	NULL
4768	event-134	PUBLISHED	0	3982.8480	NULL	NULL
4769	event-135	PUBLISHED	0	3985.1820	NULL	NULL
4770	event-136	PUBLISHED	0	3988.1160	NULL	NULL
4771	event-137	PUBLISHED	0	3992.3710	NULL	NULL
4772	event-138	PUBLISHED	0	3996.4670	NULL	NULL
4773	event-139	PUBLISHED	0	3999.1570	NULL	NULL
4774	event-140	PUBLISHED	0	4000.8150	NULL	NULL
4775	event-141	PUBLISHED	0	4003.4440	NULL	NULL
4776	event-142	PUBLISHED	0	4005.6700	NULL	NULL
4777	event-143	PUBLISHED	0	4009.9850	NULL	NULL
4778	event-144	PUBLISHED	0	4013.4250	NULL	NULL
4779	event-145	PUBLISHED	0	4015.4430	NULL	NULL
4780	event-146	PUBLISHED	0	4018.1080	NULL	NULL
4781	event-147	PUBLISHED	0	4022.1650	NULL	NULL
4782	event-148	PUBLISHED	0	4026.2360	NULL	NULL
4783	event-149	PUBLISHED	0	4031.2230	NULL	NULL
4784	event-150	PUBLISHED	0	4034.7760	NULL	NULL
4785	event-151	PUBLISHED	0	4037.0130	NULL	NULL
4786	event-152	PUBLISHED	0	4038.4740	NULL	NULL
4787	event-153	PUBLISHED	0	4044.8890	NULL	NULL
4788	event-154	PUBLISHED	0	4048.2730	NULL	NULL
4789	event-155	PUBLISHED	0	4051.4950	NULL	NULL
4790	event-156	PUBLISHED	0	4055.2100	NULL	NULL
4791	event-157	PUBLISHED	0	4060.9070	NULL	NULL
4792	event-158	PUBLISHED	0	4065.7680	NULL	NULL
4793	event-159	PUBLISHED	0	4068.7940	NULL	NULL
4794	event-160	PUBLISHED	0	4070.9630	NULL	NULL
4795	event-161	PUBLISHED	0	4073.1540	NULL	NULL
4796	event-162	PUBLISHED	0	4077.1920	NULL	NULL
4797	event-163	PUBLISHED	0	4081.4850	NULL	NULL
4798	event-164	PUBLISHED	0	4084.0760	NULL	NULL
4799	event-165	PUBLISHED	0	4090.0100	NULL	NULL
4800	event-166	PUBLISHED	0	4094.1210	NULL	NULL
4801	event-167	PUBLISHED	0	4097.4510	NULL	NULL
4802	event-168	PUBLISHED	0	4104.0600	NULL	NULL
4803	event-169	PUBLISHED	0	4107.3570	NULL	NULL
4804	event-170	PUBLISHED	0	4109.9720	NULL	NULL
4805	event-171	PUBLISHED	0	4113.2360	NULL	NULL
4806	event-172	PUBLISHED	0	4116.0500	NULL	NULL
4807	event-173	PUBLISHED	0	4118.4290	NULL	NULL
4808	event-174	PUBLISHED	0	4121.0850	NULL	NULL
4809	event-175	PUBLISHED	0	4146.8900	NULL	NULL
4810	event-176	PUBLISHED	0	4154.0940	NULL	NULL
4811	event-177	PUBLISHED	0	4165.2010	NULL	NULL
4812	event-178	PUBLISHED	0	4168.5200	NULL	NULL
4813	event-179	PUBLISHED	0	4170.7830	NULL	NULL
4814	event-180	PUBLISHED	0	4172.9760	NULL	NULL
4815	event-181	PUBLISHED	0	4178.2310	NULL	NULL
4816	event-182	PUBLISHED	0	4181.4540	NULL	NULL
4817	event-183	PUBLISHED	0	4186.1970	NULL	NULL
4818	event-184	PUBLISHED	0	4188.3720	NULL	NULL
4819	event-185	PUBLISHED	0	4199.6590	NULL	NULL
4820	event-186	PUBLISHED	0	4203.7730	NULL	NULL
4821	event-187	PUBLISHED	0	4214.7390	NULL	NULL
4822	event-188	PUBLISHED	0	4217.3310	NULL	NULL
4823	event-189	PUBLISHED	0	4220.2460	NULL	NULL
4824	event-190	PUBLISHED	0	4222.9020	NULL	NULL
4825	event-191	PUBLISHED	0	4225.0970	NULL	NULL
4826	event-192	PUBLISHED	0	4228.8240	NULL	NULL
4827	event-193	PUBLISHED	0	4235.3950	NULL	NULL
4828	event-194	PUBLISHED	0	4239.6200	NULL	NULL
4829	event-195	PUBLISHED	0	4244.4670	NULL	NULL
4830	event-196	PUBLISHED	0	4251.5680	NULL	NULL
4831	event-197	PUBLISHED	0	4256.8400	NULL	NULL
4832	event-198	PUBLISHED	0	4260.7070	NULL	NULL
4833	event-199	PUBLISHED	0	4264.6740	NULL	NULL
4834	event-200	PUBLISHED	0	4271.2080	NULL	NULL
4835	event-201	PUBLISHED	0	7493.5360	NULL	NULL
4836	event-202	PUBLISHED	0	7496.8760	NULL	NULL
4837	event-203	PUBLISHED	0	7498.0930	NULL	NULL
4838	event-204	PUBLISHED	0	7499.0980	NULL	NULL
4839	event-205	PUBLISHED	0	7500.0950	NULL	NULL
4840	event-206	PUBLISHED	0	7502.6460	NULL	NULL
4841	event-207	PUBLISHED	0	7504.0090	NULL	NULL
4842	event-208	PUBLISHED	0	7504.9780	NULL	NULL
4843	event-209	PUBLISHED	0	7506.8610	NULL	NULL
4844	event-210	PUBLISHED	0	7508.2660	NULL	NULL
4845	event-211	PUBLISHED	0	7509.6320	NULL	NULL
4846	event-212	PUBLISHED	0	7511.1450	NULL	NULL
4847	event-213	PUBLISHED	0	7512.8660	NULL	NULL
4848	event-214	PUBLISHED	0	7514.0350	NULL	NULL
4849	event-215	PUBLISHED	0	7514.8800	NULL	NULL
4850	event-216	PUBLISHED	0	7515.9870	NULL	NULL
4851	event-217	PUBLISHED	0	7516.8620	NULL	NULL
4852	event-218	PUBLISHED	0	7518.0970	NULL	NULL
4853	event-219	PUBLISHED	0	7519.6490	NULL	NULL
4854	event-220	PUBLISHED	0	7520.7160	NULL	NULL
4855	event-221	PUBLISHED	0	7521.8700	NULL	NULL
4856	event-222	PUBLISHED	0	7522.9990	NULL	NULL
4857	event-223	PUBLISHED	0	7524.1020	NULL	NULL
4858	event-224	PUBLISHED	0	7524.9630	NULL	NULL
4859	event-225	PUBLISHED	0	7526.6310	NULL	NULL
4860	event-226	PUBLISHED	0	7528.3780	NULL	NULL
4861	event-227	PUBLISHED	0	7529.4340	NULL	NULL
4862	event-228	PUBLISHED	0	7530.5830	NULL	NULL
4863	event-229	PUBLISHED	0	7531.8470	NULL	NULL
4864	event-230	PUBLISHED	0	7532.6900	NULL	NULL
4865	event-231	PUBLISHED	0	7533.7740	NULL	NULL
4866	event-232	PUBLISHED	0	7534.8900	NULL	NULL
4867	event-233	PUBLISHED	0	7535.9190	NULL	NULL
4868	event-234	PUBLISHED	0	7537.1120	NULL	NULL
4869	event-235	PUBLISHED	0	7538.4570	NULL	NULL
4870	event-236	PUBLISHED	0	7540.2350	NULL	NULL
4871	event-237	PUBLISHED	0	7546.7890	NULL	NULL
4872	event-238	PUBLISHED	0	7551.9120	NULL	NULL
4873	event-239	PUBLISHED	0	7553.1730	NULL	NULL
4874	event-240	PUBLISHED	0	7554.1420	NULL	NULL
4875	event-241	PUBLISHED	0	7555.4280	NULL	NULL
4876	event-242	PUBLISHED	0	7556.6790	NULL	NULL
4877	event-243	PUBLISHED	0	7557.7480	NULL	NULL
4878	event-244	PUBLISHED	0	7558.6780	NULL	NULL
4879	event-245	PUBLISHED	0	7560.2480	NULL	NULL
4880	event-246	PUBLISHED	0	7561.5610	NULL	NULL
4881	event-247	PUBLISHED	0	7562.4660	NULL	NULL
4882	event-248	PUBLISHED	0	7563.4610	NULL	NULL
4883	event-249	PUBLISHED	0	7564.1760	NULL	NULL
4884	event-250	PUBLISHED	0	7565.1280	NULL	NULL
4885	event-251	PUBLISHED	0	7566.0110	NULL	NULL
4886	event-252	PUBLISHED	0	7567.0090	NULL	NULL
4887	event-253	PUBLISHED	0	7568.7430	NULL	NULL
4888	event-254	PUBLISHED	0	7569.8750	NULL	NULL
4889	event-255	PUBLISHED	0	7570.6870	NULL	NULL
4890	event-256	PUBLISHED	0	7572.9190	NULL	NULL
4891	event-257	PUBLISHED	0	7574.3070	NULL	NULL
4892	event-258	PUBLISHED	0	7575.4730	NULL	NULL
4893	event-259	PUBLISHED	0	7577.0420	NULL	NULL
4894	event-260	PUBLISHED	0	7578.8190	NULL	NULL
4895	event-261	PUBLISHED	0	7581.0020	NULL	NULL
4896	event-262	PUBLISHED	0	7583.6170	NULL	NULL
4897	event-263	PUBLISHED	0	7588.5510	NULL	NULL
4898	event-264	PUBLISHED	0	7590.9740	NULL	NULL
4899	event-265	PUBLISHED	0	7595.8370	NULL	NULL
4900	event-266	PUBLISHED	0	7597.7550	NULL	NULL
4901	event-267	PUBLISHED	0	7599.1970	NULL	NULL
4902	event-268	PUBLISHED	0	7600.3080	NULL	NULL
4903	event-269	PUBLISHED	0	7601.9350	NULL	NULL
4904	event-270	PUBLISHED	0	7603.5600	NULL	NULL
4905	event-271	PUBLISHED	0	7607.0580	NULL	NULL
4906	event-272	PUBLISHED	0	7611.2240	NULL	NULL
4907	event-273	PUBLISHED	0	7614.0910	NULL	NULL
4908	event-274	PUBLISHED	0	7615.4650	NULL	NULL
4909	event-275	PUBLISHED	0	7616.6260	NULL	NULL
4910	event-276	PUBLISHED	0	7617.8250	NULL	NULL
4911	event-277	PUBLISHED	0	7619.8290	NULL	NULL
4912	event-278	PUBLISHED	0	7621.1470	NULL	NULL
4913	event-279	PUBLISHED	0	7622.4720	NULL	NULL
4914	event-280	PUBLISHED	0	7623.6310	NULL	NULL
4915	event-281	PUBLISHED	0	7625.2920	NULL	NULL
4916	event-282	PUBLISHED	0	7627.1660	NULL	NULL
4917	event-283	PUBLISHED	0	7630.0790	NULL	NULL
4918	event-284	PUBLISHED	0	7632.9340	NULL	NULL
4919	event-285	PUBLISHED	0	7634.9810	NULL	NULL
4920	event-286	PUBLISHED	0	7636.5970	NULL	NULL
4921	event-287	PUBLISHED	0	7637.8790	NULL	NULL
4922	event-288	PUBLISHED	0	7639.0100	NULL	NULL
4923	event-289	PUBLISHED	0	7640.2860	NULL	NULL
4924	event-290	PUBLISHED	0	7641.5410	NULL	NULL
4925	event-291	PUBLISHED	0	7643.0150	NULL	NULL
4926	event-292	PUBLISHED	0	7645.0730	NULL	NULL
4927	event-293	PUBLISHED	0	7646.5300	NULL	NULL
4928	event-294	PUBLISHED	0	7647.7680	NULL	NULL
4929	event-295	PUBLISHED	0	7648.8770	NULL	NULL
4930	event-296	PUBLISHED	0	7649.8200	NULL	NULL
4931	event-297	PUBLISHED	0	7652.1070	NULL	NULL
4932	event-298	PUBLISHED	0	7653.7760	NULL	NULL
4933	event-299	PUBLISHED	0	7655.3470	NULL	NULL
4934	event-300	PUBLISHED	0	7657.4400	NULL	NULL
4935	event-301	PUBLISHED	0	10836.1610	NULL	NULL
4936	event-302	PUBLISHED	0	10837.9280	NULL	NULL
4937	event-303	PUBLISHED	0	10838.9830	NULL	NULL
4938	event-304	PUBLISHED	0	10840.1950	NULL	NULL
4939	event-305	PUBLISHED	0	10841.7000	NULL	NULL
4940	event-306	PUBLISHED	0	10844.1390	NULL	NULL
4941	event-307	PUBLISHED	0	10845.8660	NULL	NULL
4942	event-308	PUBLISHED	0	10847.2320	NULL	NULL
4943	event-309	PUBLISHED	0	10848.4500	NULL	NULL
4944	event-310	PUBLISHED	0	10849.3890	NULL	NULL
4945	event-311	PUBLISHED	0	10850.3230	NULL	NULL
4946	event-312	PUBLISHED	0	10851.7600	NULL	NULL
4947	event-313	PUBLISHED	0	10853.1310	NULL	NULL
4948	event-314	PUBLISHED	0	10854.4240	NULL	NULL
4949	event-315	PUBLISHED	0	10855.6590	NULL	NULL
4950	event-316	PUBLISHED	0	10856.8730	NULL	NULL
4951	event-317	PUBLISHED	0	10858.0020	NULL	NULL
4952	event-318	PUBLISHED	0	10859.1560	NULL	NULL
4953	event-319	PUBLISHED	0	10861.3800	NULL	NULL
4954	event-320	PUBLISHED	0	10862.8700	NULL	NULL
4955	event-321	PUBLISHED	0	10864.2760	NULL	NULL
4956	event-322	PUBLISHED	0	10865.3840	NULL	NULL
4957	event-323	PUBLISHED	0	10866.2130	NULL	NULL
4958	event-324	PUBLISHED	0	10867.7960	NULL	NULL
4959	event-325	PUBLISHED	0	10869.3690	NULL	NULL
4960	event-326	PUBLISHED	0	10870.7150	NULL	NULL
4961	event-327	PUBLISHED	0	10875.5480	NULL	NULL
4962	event-328	PUBLISHED	0	10877.9700	NULL	NULL
4963	event-329	PUBLISHED	0	10879.8680	NULL	NULL
4964	event-330	PUBLISHED	0	10881.6030	NULL	NULL
4965	event-331	PUBLISHED	0	10882.8100	NULL	NULL
4966	event-332	PUBLISHED	0	10884.3430	NULL	NULL
4967	event-333	PUBLISHED	0	10885.6060	NULL	NULL
4968	event-334	PUBLISHED	0	10886.5590	NULL	NULL
4969	event-335	PUBLISHED	0	10888.3230	NULL	NULL
4970	event-336	PUBLISHED	0	10890.3070	NULL	NULL
4971	event-337	PUBLISHED	0	10892.3650	NULL	NULL
4972	event-338	PUBLISHED	0	10896.5600	NULL	NULL
4973	event-339	PUBLISHED	0	10898.7060	NULL	NULL
4974	event-340	PUBLISHED	0	10901.2570	NULL	NULL
4975	event-341	PUBLISHED	0	10903.5730	NULL	NULL
4976	event-342	PUBLISHED	0	10906.2140	NULL	NULL
4977	event-343	PUBLISHED	0	10907.8400	NULL	NULL
4978	event-344	PUBLISHED	0	10910.3620	NULL	NULL
4979	event-345	PUBLISHED	0	10912.0640	NULL	NULL
4980	event-346	PUBLISHED	0	10913.7760	NULL	NULL
4981	event-347	PUBLISHED	0	10915.7410	NULL	NULL
4982	event-348	PUBLISHED	0	10917.4440	NULL	NULL
4983	event-349	PUBLISHED	0	10923.5530	NULL	NULL
4984	event-350	PUBLISHED	0	10925.8350	NULL	NULL
4985	event-351	PUBLISHED	0	10930.3090	NULL	NULL
4986	event-352	PUBLISHED	0	10931.6160	NULL	NULL
4987	event-353	PUBLISHED	0	10933.2850	NULL	NULL
4988	event-354	PUBLISHED	0	10935.4900	NULL	NULL
4989	event-355	PUBLISHED	0	10938.4980	NULL	NULL
4990	event-356	PUBLISHED	0	10940.3850	NULL	NULL
4991	event-357	PUBLISHED	0	10941.4170	NULL	NULL
4992	event-358	PUBLISHED	0	10943.6040	NULL	NULL
4993	event-359	PUBLISHED	0	10944.6330	NULL	NULL
4994	event-360	PUBLISHED	0	10946.2500	NULL	NULL
4995	event-361	PUBLISHED	0	10947.2120	NULL	NULL
4996	event-362	PUBLISHED	0	10948.0480	NULL	NULL
4997	event-363	PUBLISHED	0	10948.6070	NULL	NULL
4998	event-364	PUBLISHED	0	10949.3290	NULL	NULL
4999	event-365	PUBLISHED	0	10950.4970	NULL	NULL
5000	event-366	PUBLISHED	0	10952.3310	NULL	NULL
5001	event-367	PUBLISHED	0	10954.4140	NULL	NULL
5002	event-368	PUBLISHED	0	10955.4890	NULL	NULL
5003	event-369	PUBLISHED	0	10957.4350	NULL	NULL
5004	event-370	PUBLISHED	0	10958.3390	NULL	NULL
5005	event-371	PUBLISHED	0	10959.8590	NULL	NULL
5006	event-372	PUBLISHED	0	10963.2090	NULL	NULL
5007	event-373	PUBLISHED	0	10966.4350	NULL	NULL
5008	event-374	PUBLISHED	0	10968.4120	NULL	NULL
5009	event-375	PUBLISHED	0	10969.6110	NULL	NULL
5010	event-376	PUBLISHED	0	10970.9350	NULL	NULL
5011	event-377	PUBLISHED	0	10972.2260	NULL	NULL
5012	event-378	PUBLISHED	0	10973.4290	NULL	NULL
5013	event-379	PUBLISHED	0	10974.3080	NULL	NULL
5014	event-380	PUBLISHED	0	10975.3290	NULL	NULL
5015	event-381	PUBLISHED	0	10976.5170	NULL	NULL
5016	event-382	PUBLISHED	0	10977.6710	NULL	NULL
5017	event-383	PUBLISHED	0	10978.8270	NULL	NULL
5018	event-384	PUBLISHED	0	10983.4360	NULL	NULL
5019	event-385	PUBLISHED	0	10984.5950	NULL	NULL
5020	event-386	PUBLISHED	0	10985.8390	NULL	NULL
5021	event-387	PUBLISHED	0	10986.5900	NULL	NULL
5022	event-388	PUBLISHED	0	10987.4020	NULL	NULL
5023	event-389	PUBLISHED	0	10988.5010	NULL	NULL
5024	event-390	PUBLISHED	0	10989.3450	NULL	NULL
5025	event-391	PUBLISHED	0	10990.0810	NULL	NULL
5026	event-392	PUBLISHED	0	10990.7040	NULL	NULL
5027	event-393	PUBLISHED	0	10991.3640	NULL	NULL
5028	event-394	PUBLISHED	0	10992.4280	NULL	NULL
5029	event-395	PUBLISHED	0	10993.4530	NULL	NULL
5030	event-396	PUBLISHED	0	10994.3120	NULL	NULL
5031	event-397	PUBLISHED	0	10995.4410	NULL	NULL
5032	event-398	PUBLISHED	0	10996.7460	NULL	NULL
5033	event-399	PUBLISHED	0	11002.3050	NULL	NULL
5034	event-400	PUBLISHED	0	11005.9400	NULL	NULL
5035	event-401	PUBLISHED	0	14165.6900	NULL	NULL
5036	event-402	PUBLISHED	0	14167.7810	NULL	NULL
5037	event-403	PUBLISHED	0	14169.1850	NULL	NULL
5038	event-404	PUBLISHED	0	14170.3750	NULL	NULL
5039	event-405	PUBLISHED	0	14171.4850	NULL	NULL
5040	event-406	PUBLISHED	0	14172.4850	NULL	NULL
5041	event-407	PUBLISHED	0	14173.4390	NULL	NULL
5042	event-408	PUBLISHED	0	14174.7120	NULL	NULL
5043	event-409	PUBLISHED	0	14175.6630	NULL	NULL
5044	event-410	PUBLISHED	0	14177.4170	NULL	NULL
5045	event-411	PUBLISHED	0	14178.5800	NULL	NULL
5046	event-412	PUBLISHED	0	14179.5680	NULL	NULL
5047	event-413	PUBLISHED	0	14180.5780	NULL	NULL
5048	event-414	PUBLISHED	0	14181.4720	NULL	NULL
5049	event-415	PUBLISHED	0	14182.4490	NULL	NULL
5050	event-416	PUBLISHED	0	14183.5670	NULL	NULL
5051	event-417	PUBLISHED	0	14185.7710	NULL	NULL
5052	event-418	PUBLISHED	0	14186.8710	NULL	NULL
5053	event-419	PUBLISHED	0	14187.7070	NULL	NULL
5054	event-420	PUBLISHED	0	14188.5680	NULL	NULL
5055	event-421	PUBLISHED	0	14189.5080	NULL	NULL
5056	event-422	PUBLISHED	0	14190.3340	NULL	NULL
5057	event-423	PUBLISHED	0	14191.1900	NULL	NULL
5058	event-424	PUBLISHED	0	14192.2440	NULL	NULL
5059	event-425	PUBLISHED	0	14193.8960	NULL	NULL
5060	event-426	PUBLISHED	0	14194.9840	NULL	NULL
5061	event-427	PUBLISHED	0	14196.1850	NULL	NULL
5062	event-428	PUBLISHED	0	14197.2160	NULL	NULL
5063	event-429	PUBLISHED	0	14197.9390	NULL	NULL
5064	event-430	PUBLISHED	0	14198.5390	NULL	NULL
5065	event-431	PUBLISHED	0	14199.1530	NULL	NULL
5066	event-432	PUBLISHED	0	14199.9250	NULL	NULL
5067	event-433	PUBLISHED	0	14201.1580	NULL	NULL
5068	event-434	PUBLISHED	0	14202.0790	NULL	NULL
5069	event-435	PUBLISHED	0	14203.0030	NULL	NULL
5070	event-436	PUBLISHED	0	14203.9950	NULL	NULL
5071	event-437	PUBLISHED	0	14205.0340	NULL	NULL
5072	event-438	PUBLISHED	0	14206.0880	NULL	NULL
5073	event-439	PUBLISHED	0	14207.1150	NULL	NULL
5074	event-440	PUBLISHED	0	14208.0180	NULL	NULL
5075	event-441	PUBLISHED	0	14209.4130	NULL	NULL
5076	event-442	PUBLISHED	0	14210.5890	NULL	NULL
5077	event-443	PUBLISHED	0	14211.4550	NULL	NULL
5078	event-444	PUBLISHED	0	14212.6440	NULL	NULL
5079	event-445	PUBLISHED	0	14214.0140	NULL	NULL
5080	event-446	PUBLISHED	0	14214.8840	NULL	NULL
5081	event-447	PUBLISHED	0	14218.2240	NULL	NULL
5082	event-448	PUBLISHED	0	14220.4170	NULL	NULL
5083	event-449	PUBLISHED	0	14225.2640	NULL	NULL
5084	event-450	PUBLISHED	0	14228.4660	NULL	NULL
5085	event-451	PUBLISHED	0	14229.8660	NULL	NULL
5086	event-452	PUBLISHED	0	14231.0280	NULL	NULL
5087	event-453	PUBLISHED	0	14232.1600	NULL	NULL
5088	event-454	PUBLISHED	0	14233.3210	NULL	NULL
5089	event-455	PUBLISHED	0	14235.5670	NULL	NULL
5090	event-456	PUBLISHED	0	14237.5070	NULL	NULL
5091	event-457	PUBLISHED	0	14238.8050	NULL	NULL
5092	event-458	PUBLISHED	0	14240.2840	NULL	NULL
5093	event-459	PUBLISHED	0	14242.9640	NULL	NULL
5094	event-460	PUBLISHED	0	14245.5980	NULL	NULL
5095	event-461	PUBLISHED	0	14246.8760	NULL	NULL
5096	event-462	PUBLISHED	0	14248.1130	NULL	NULL
5097	event-463	PUBLISHED	0	14249.6390	NULL	NULL
5098	event-464	PUBLISHED	0	14254.8920	NULL	NULL
5099	event-465	PUBLISHED	0	14265.3120	NULL	NULL
5100	event-466	PUBLISHED	0	14269.3560	NULL	NULL
5101	event-467	PUBLISHED	0	14271.9780	NULL	NULL
5102	event-468	PUBLISHED	0	14274.6130	NULL	NULL
5103	event-469	PUBLISHED	0	14278.3040	NULL	NULL
5104	event-470	PUBLISHED	0	14279.9140	NULL	NULL
5105	event-471	PUBLISHED	0	14282.2900	NULL	NULL
5106	event-472	PUBLISHED	0	14283.9150	NULL	NULL
5107	event-473	PUBLISHED	0	14285.9840	NULL	NULL
5108	event-474	PUBLISHED	0	14289.3140	NULL	NULL
5109	event-475	PUBLISHED	0	14294.5770	NULL	NULL
5110	event-476	PUBLISHED	0	14302.2980	NULL	NULL
5111	event-477	PUBLISHED	0	14306.7760	NULL	NULL
5112	event-478	PUBLISHED	0	14320.8500	NULL	NULL
5113	event-479	PUBLISHED	0	14330.4650	NULL	NULL
5114	event-480	PUBLISHED	0	14335.9410	NULL	NULL
5115	event-481	PUBLISHED	0	14344.9320	NULL	NULL
5116	event-482	PUBLISHED	0	14347.3840	NULL	NULL
5117	event-483	PUBLISHED	0	14349.8010	NULL	NULL
5118	event-484	PUBLISHED	0	14353.5150	NULL	NULL
5119	event-485	PUBLISHED	0	14355.6250	NULL	NULL
5120	event-486	PUBLISHED	0	14357.2100	NULL	NULL
5121	event-487	PUBLISHED	0	14362.4720	NULL	NULL
5122	event-488	PUBLISHED	0	14366.8100	NULL	NULL
5123	event-489	PUBLISHED	0	14370.9180	NULL	NULL
5124	event-490	PUBLISHED	0	14379.4710	NULL	NULL
5125	event-491	PUBLISHED	0	14382.6000	NULL	NULL
5126	event-492	PUBLISHED	0	14386.6440	NULL	NULL
5127	event-493	PUBLISHED	0	14391.6460	NULL	NULL
5128	event-494	PUBLISHED	0	14395.2860	NULL	NULL
5129	event-495	PUBLISHED	0	14398.2330	NULL	NULL
5130	event-496	PUBLISHED	0	14400.8420	NULL	NULL
5131	event-497	PUBLISHED	0	14403.7530	NULL	NULL
5132	event-498	PUBLISHED	0	14406.6260	NULL	NULL
5133	event-499	PUBLISHED	0	14408.5710	NULL	NULL
5134	event-500	PUBLISHED	0	14412.8500	NULL	NULL
5135	event-501	PUBLISHED	0	17642.8860	NULL	NULL
5136	event-502	PUBLISHED	0	17645.1270	NULL	NULL
5137	event-503	PUBLISHED	0	17646.7730	NULL	NULL
5138	event-504	PUBLISHED	0	17648.4410	NULL	NULL
5139	event-505	PUBLISHED	0	17649.5410	NULL	NULL
5140	event-506	PUBLISHED	0	17650.6190	NULL	NULL
5141	event-507	PUBLISHED	0	17652.1840	NULL	NULL
5142	event-508	PUBLISHED	0	17653.1370	NULL	NULL
5143	event-509	PUBLISHED	0	17653.9980	NULL	NULL
5144	event-510	PUBLISHED	0	17655.0610	NULL	NULL
5145	event-511	PUBLISHED	0	17655.9260	NULL	NULL
5146	event-512	PUBLISHED	0	17656.7850	NULL	NULL
5147	event-513	PUBLISHED	0	17657.7600	NULL	NULL
5148	event-514	PUBLISHED	0	17659.2310	NULL	NULL
5149	event-515	PUBLISHED	0	17660.3200	NULL	NULL
5150	event-516	PUBLISHED	0	17664.5530	NULL	NULL
5151	event-517	PUBLISHED	0	17666.1630	NULL	NULL
5152	event-518	PUBLISHED	0	17669.3640	NULL	NULL
5153	event-519	PUBLISHED	0	17671.0480	NULL	NULL
5154	event-520	PUBLISHED	0	17672.6270	NULL	NULL
5155	event-521	PUBLISHED	0	17674.1630	NULL	NULL
5156	event-522	PUBLISHED	0	17676.2580	NULL	NULL
5157	event-523	PUBLISHED	0	17677.5190	NULL	NULL
5158	event-524	PUBLISHED	0	17678.6970	NULL	NULL
5159	event-525	PUBLISHED	0	17679.7650	NULL	NULL
5160	event-526	PUBLISHED	0	17680.8880	NULL	NULL
5161	event-527	PUBLISHED	0	17681.7560	NULL	NULL
5162	event-528	PUBLISHED	0	17682.5860	NULL	NULL
5163	event-529	PUBLISHED	0	17683.3600	NULL	NULL
5164	event-530	PUBLISHED	0	17684.4130	NULL	NULL
5165	event-531	PUBLISHED	0	17685.4750	NULL	NULL
5166	event-532	PUBLISHED	0	17686.3510	NULL	NULL
5167	event-533	PUBLISHED	0	17687.3420	NULL	NULL
5168	event-534	PUBLISHED	0	17688.2140	NULL	NULL
5169	event-535	PUBLISHED	0	17690.8290	NULL	NULL
5170	event-536	PUBLISHED	0	17692.7130	NULL	NULL
5171	event-537	PUBLISHED	0	17693.9510	NULL	NULL
5172	event-538	PUBLISHED	0	17694.7670	NULL	NULL
5173	event-539	PUBLISHED	0	17695.5070	NULL	NULL
5174	event-540	PUBLISHED	0	17697.2100	NULL	NULL
5175	event-541	PUBLISHED	0	17698.2370	NULL	NULL
5176	event-542	PUBLISHED	0	17699.1700	NULL	NULL
5177	event-543	PUBLISHED	0	17700.9090	NULL	NULL
5178	event-544	PUBLISHED	0	17702.0670	NULL	NULL
5179	event-545	PUBLISHED	0	17703.2650	NULL	NULL
5180	event-546	PUBLISHED	0	17704.0660	NULL	NULL
5181	event-547	PUBLISHED	0	17705.0040	NULL	NULL
5182	event-548	PUBLISHED	0	17705.8530	NULL	NULL
5183	event-549	PUBLISHED	0	17706.9820	NULL	NULL
5184	event-550	PUBLISHED	0	17707.8780	NULL	NULL
5185	event-551	PUBLISHED	0	17708.7710	NULL	NULL
5186	event-552	PUBLISHED	0	17710.3390	NULL	NULL
5187	event-553	PUBLISHED	0	17711.2260	NULL	NULL
5188	event-554	PUBLISHED	0	17712.2630	NULL	NULL
5189	event-555	PUBLISHED	0	17713.1880	NULL	NULL
5190	event-556	PUBLISHED	0	17714.0550	NULL	NULL
5191	event-557	PUBLISHED	0	17714.8130	NULL	NULL
5192	event-558	PUBLISHED	0	17715.3810	NULL	NULL
5193	event-559	PUBLISHED	0	17716.0340	NULL	NULL
5194	event-560	PUBLISHED	0	17716.8510	NULL	NULL
5195	event-561	PUBLISHED	0	17717.7670	NULL	NULL
5196	event-562	PUBLISHED	0	17718.6830	NULL	NULL
5197	event-563	PUBLISHED	0	17719.2640	NULL	NULL
5198	event-564	PUBLISHED	0	17720.1600	NULL	NULL
5199	event-565	PUBLISHED	0	17720.9830	NULL	NULL
5200	event-566	PUBLISHED	0	17721.9610	NULL	NULL
5201	event-567	PUBLISHED	0	17722.8440	NULL	NULL
5202	event-568	PUBLISHED	0	17723.9870	NULL	NULL
5203	event-569	PUBLISHED	0	17726.3410	NULL	NULL
5204	event-570	PUBLISHED	0	17728.0630	NULL	NULL
5205	event-571	PUBLISHED	0	17729.6980	NULL	NULL
5206	event-572	PUBLISHED	0	17730.9400	NULL	NULL
5207	event-573	PUBLISHED	0	17732.2590	NULL	NULL
5208	event-574	PUBLISHED	0	17734.6080	NULL	NULL
5209	event-575	PUBLISHED	0	17736.2290	NULL	NULL
5210	event-576	PUBLISHED	0	17737.5030	NULL	NULL
5211	event-577	PUBLISHED	0	17738.6700	NULL	NULL
5212	event-578	PUBLISHED	0	17739.6190	NULL	NULL
5213	event-579	PUBLISHED	0	17740.7140	NULL	NULL
5214	event-580	PUBLISHED	0	17741.7120	NULL	NULL
5215	event-581	PUBLISHED	0	17743.2710	NULL	NULL
5216	event-582	PUBLISHED	0	17744.8580	NULL	NULL
5217	event-583	PUBLISHED	0	17746.0420	NULL	NULL
5218	event-584	PUBLISHED	0	17746.8270	NULL	NULL
5219	event-585	PUBLISHED	0	17747.8860	NULL	NULL
5220	event-586	PUBLISHED	0	17748.5700	NULL	NULL
5221	event-587	PUBLISHED	0	17749.1910	NULL	NULL
5222	event-588	PUBLISHED	0	17750.3350	NULL	NULL
5223	event-589	PUBLISHED	0	17751.9540	NULL	NULL
5224	event-590	PUBLISHED	0	17753.0290	NULL	NULL
5225	event-591	PUBLISHED	0	17754.0860	NULL	NULL
5226	event-592	PUBLISHED	0	17755.2480	NULL	NULL
5227	event-593	PUBLISHED	0	17756.4260	NULL	NULL
5228	event-594	PUBLISHED	0	17757.6670	NULL	NULL
5229	event-595	PUBLISHED	0	17759.5090	NULL	NULL
5230	event-596	PUBLISHED	0	17761.4610	NULL	NULL
5231	event-597	PUBLISHED	0	17762.7160	NULL	NULL
5232	event-598	PUBLISHED	0	17763.8570	NULL	NULL
5233	event-599	PUBLISHED	0	17765.0320	NULL	NULL
5234	event-600	PUBLISHED	0	17766.0690	NULL	NULL
5235	event-601	PUBLISHED	0	20897.4790	NULL	NULL
5236	event-602	PUBLISHED	0	20903.2740	NULL	NULL
5237	event-603	PUBLISHED	0	20912.9660	NULL	NULL
5238	event-604	PUBLISHED	0	20915.5900	NULL	NULL
5239	event-605	PUBLISHED	0	20918.0680	NULL	NULL
5240	event-606	PUBLISHED	0	20921.2580	NULL	NULL
5241	event-607	PUBLISHED	0	20923.7310	NULL	NULL
5242	event-608	PUBLISHED	0	20927.9540	NULL	NULL
5243	event-609	PUBLISHED	0	20929.5340	NULL	NULL
5244	event-610	PUBLISHED	0	20930.3500	NULL	NULL
5245	event-611	PUBLISHED	0	20931.2640	NULL	NULL
5246	event-612	PUBLISHED	0	20932.9510	NULL	NULL
5247	event-613	PUBLISHED	0	20934.8570	NULL	NULL
5248	event-614	PUBLISHED	0	20936.5320	NULL	NULL
5249	event-615	PUBLISHED	0	20937.5680	NULL	NULL
5250	event-616	PUBLISHED	0	20938.6150	NULL	NULL
5251	event-617	PUBLISHED	0	20939.6010	NULL	NULL
5252	event-618	PUBLISHED	0	20940.3480	NULL	NULL
5253	event-619	PUBLISHED	0	20941.4790	NULL	NULL
5254	event-620	PUBLISHED	0	20943.0770	NULL	NULL
5255	event-621	PUBLISHED	0	20944.6330	NULL	NULL
5256	event-622	PUBLISHED	0	20945.6290	NULL	NULL
5257	event-623	PUBLISHED	0	20946.3460	NULL	NULL
5258	event-624	PUBLISHED	0	20946.9760	NULL	NULL
5259	event-625	PUBLISHED	0	20947.9740	NULL	NULL
5260	event-626	PUBLISHED	0	20948.7180	NULL	NULL
5261	event-627	PUBLISHED	0	20949.8850	NULL	NULL
5262	event-628	PUBLISHED	0	20951.4230	NULL	NULL
5263	event-629	PUBLISHED	0	20952.3620	NULL	NULL
5264	event-630	PUBLISHED	0	20953.0290	NULL	NULL
5265	event-631	PUBLISHED	0	20953.9870	NULL	NULL
5266	event-632	PUBLISHED	0	20954.8230	NULL	NULL
5267	event-633	PUBLISHED	0	20955.9480	NULL	NULL
5268	event-634	PUBLISHED	0	20957.4010	NULL	NULL
5269	event-635	PUBLISHED	0	20958.5820	NULL	NULL
5270	event-636	PUBLISHED	0	20959.8190	NULL	NULL
5271	event-637	PUBLISHED	0	20960.8460	NULL	NULL
5272	event-638	PUBLISHED	0	20962.0090	NULL	NULL
5273	event-639	PUBLISHED	0	20962.9470	NULL	NULL
5274	event-640	PUBLISHED	0	20963.7310	NULL	NULL
5275	event-641	PUBLISHED	0	20964.5710	NULL	NULL
5276	event-642	PUBLISHED	0	20965.2940	NULL	NULL
5277	event-643	PUBLISHED	0	20966.0390	NULL	NULL
5278	event-644	PUBLISHED	0	20967.0800	NULL	NULL
5279	event-645	PUBLISHED	0	20967.9330	NULL	NULL
5280	event-646	PUBLISHED	0	20968.7830	NULL	NULL
5281	event-647	PUBLISHED	0	20969.6920	NULL	NULL
5282	event-648	PUBLISHED	0	20970.5640	NULL	NULL
5283	event-649	PUBLISHED	0	20971.4240	NULL	NULL
5284	event-650	PUBLISHED	0	20972.0670	NULL	NULL
5285	event-651	PUBLISHED	0	20972.6720	NULL	NULL
5286	event-652	PUBLISHED	0	20973.5920	NULL	NULL
5287	event-653	PUBLISHED	0	20974.2750	NULL	NULL
5288	event-654	PUBLISHED	0	20978.3390	NULL	NULL
5289	event-655	PUBLISHED	0	20982.0800	NULL	NULL
5290	event-656	PUBLISHED	0	20984.7200	NULL	NULL
5291	event-657	PUBLISHED	0	20986.0660	NULL	NULL
5292	event-658	PUBLISHED	0	20988.0450	NULL	NULL
5293	event-659	PUBLISHED	0	20989.8790	NULL	NULL
5294	event-660	PUBLISHED	0	20991.8070	NULL	NULL
5295	event-661	PUBLISHED	0	20994.6640	NULL	NULL
5296	event-662	PUBLISHED	0	20996.7180	NULL	NULL
5297	event-663	PUBLISHED	0	20998.2750	NULL	NULL
5298	event-664	PUBLISHED	0	20999.1760	NULL	NULL
5299	event-665	PUBLISHED	0	21000.0500	NULL	NULL
5300	event-666	PUBLISHED	0	21001.2160	NULL	NULL
5301	event-667	PUBLISHED	0	21002.1490	NULL	NULL
5302	event-668	PUBLISHED	0	21003.2510	NULL	NULL
5303	event-669	PUBLISHED	0	21004.1610	NULL	NULL
5304	event-670	PUBLISHED	0	21005.2370	NULL	NULL
5305	event-671	PUBLISHED	0	21006.5230	NULL	NULL
5306	event-672	PUBLISHED	0	21008.1830	NULL	NULL
5307	event-673	PUBLISHED	0	21010.2760	NULL	NULL
5308	event-674	PUBLISHED	0	21011.3900	NULL	NULL
5309	event-675	PUBLISHED	0	21012.4210	NULL	NULL
5310	event-676	PUBLISHED	0	21013.1610	NULL	NULL
5311	event-677	PUBLISHED	0	21014.3300	NULL	NULL
5312	event-678	PUBLISHED	0	21015.1220	NULL	NULL
5313	event-679	PUBLISHED	0	21016.1840	NULL	NULL
5314	event-680	PUBLISHED	0	21017.4990	NULL	NULL
5315	event-681	PUBLISHED	0	21018.5900	NULL	NULL
5316	event-682	PUBLISHED	0	21019.4420	NULL	NULL
5317	event-683	PUBLISHED	0	21020.6100	NULL	NULL
5318	event-684	PUBLISHED	0	21021.8250	NULL	NULL
5319	event-685	PUBLISHED	0	21022.9420	NULL	NULL
5320	event-686	PUBLISHED	0	21023.9030	NULL	NULL
5321	event-687	PUBLISHED	0	21025.6800	NULL	NULL
5322	event-688	PUBLISHED	0	21026.9880	NULL	NULL
5323	event-689	PUBLISHED	0	21028.1430	NULL	NULL
5324	event-690	PUBLISHED	0	21029.3420	NULL	NULL
5325	event-691	PUBLISHED	0	21030.3710	NULL	NULL
5326	event-692	PUBLISHED	0	21031.1160	NULL	NULL
5327	event-693	PUBLISHED	0	21031.8060	NULL	NULL
5328	event-694	PUBLISHED	0	21032.7360	NULL	NULL
5329	event-695	PUBLISHED	0	21033.9700	NULL	NULL
5330	event-696	PUBLISHED	0	21035.8850	NULL	NULL
5331	event-697	PUBLISHED	0	21038.1260	NULL	NULL
5332	event-698	PUBLISHED	0	21039.3990	NULL	NULL
5333	event-699	PUBLISHED	0	21040.4740	NULL	NULL
5334	event-700	PUBLISHED	0	21043.0720	NULL	NULL
5335	event-701	PUBLISHED	0	24197.0450	NULL	NULL
5336	event-702	PUBLISHED	0	24199.7400	NULL	NULL
5337	event-703	PUBLISHED	0	24200.7210	NULL	NULL
5338	event-704	PUBLISHED	0	24201.8130	NULL	NULL
5339	event-705	PUBLISHED	0	24202.8600	NULL	NULL
5340	event-706	PUBLISHED	0	24203.7880	NULL	NULL
5341	event-707	PUBLISHED	0	24204.7100	NULL	NULL
5342	event-708	PUBLISHED	0	24205.4690	NULL	NULL
5343	event-709	PUBLISHED	0	24206.3760	NULL	NULL
5344	event-710	PUBLISHED	0	24207.2620	NULL	NULL
5345	event-711	PUBLISHED	0	24208.0700	NULL	NULL
5346	event-712	PUBLISHED	0	24209.0030	NULL	NULL
5347	event-713	PUBLISHED	0	24211.0700	NULL	NULL
5348	event-714	PUBLISHED	0	24212.2640	NULL	NULL
5349	event-715	PUBLISHED	0	24212.9640	NULL	NULL
5350	event-716	PUBLISHED	0	24214.2390	NULL	NULL
5351	event-717	PUBLISHED	0	24215.2440	NULL	NULL
5352	event-718	PUBLISHED	0	24216.7100	NULL	NULL
5353	event-719	PUBLISHED	0	24218.4580	NULL	NULL
5354	event-720	PUBLISHED	0	24221.6550	NULL	NULL
5355	event-721	PUBLISHED	0	24223.6560	NULL	NULL
5356	event-722	PUBLISHED	0	24227.0720	NULL	NULL
5357	event-723	PUBLISHED	0	24230.5270	NULL	NULL
5358	event-724	PUBLISHED	0	24232.2400	NULL	NULL
5359	event-725	PUBLISHED	0	24233.6190	NULL	NULL
5360	event-726	PUBLISHED	0	24235.0490	NULL	NULL
5361	event-727	PUBLISHED	0	24235.8520	NULL	NULL
5362	event-728	PUBLISHED	0	24236.8650	NULL	NULL
5363	event-729	PUBLISHED	0	24238.0500	NULL	NULL
5364	event-730	PUBLISHED	0	24239.6910	NULL	NULL
5365	event-731	PUBLISHED	0	24243.7290	NULL	NULL
5366	event-732	PUBLISHED	0	24245.4000	NULL	NULL
5367	event-733	PUBLISHED	0	24247.8030	NULL	NULL
5368	event-734	PUBLISHED	0	24248.9550	NULL	NULL
5369	event-735	PUBLISHED	0	24250.1090	NULL	NULL
5370	event-736	PUBLISHED	0	24251.7530	NULL	NULL
5371	event-737	PUBLISHED	0	24252.8260	NULL	NULL
5372	event-738	PUBLISHED	0	24255.0960	NULL	NULL
5373	event-739	PUBLISHED	0	24256.0660	NULL	NULL
5374	event-740	PUBLISHED	0	24256.9950	NULL	NULL
5375	event-741	PUBLISHED	0	24261.1900	NULL	NULL
5376	event-742	PUBLISHED	0	24262.7930	NULL	NULL
5377	event-743	PUBLISHED	0	24263.6780	NULL	NULL
5378	event-744	PUBLISHED	0	24264.4340	NULL	NULL
5379	event-745	PUBLISHED	0	24265.7130	NULL	NULL
5380	event-746	PUBLISHED	0	24267.0600	NULL	NULL
5381	event-747	PUBLISHED	0	24270.1870	NULL	NULL
5382	event-748	PUBLISHED	0	24272.9940	NULL	NULL
5383	event-749	PUBLISHED	0	24274.5350	NULL	NULL
5384	event-750	PUBLISHED	0	24278.0470	NULL	NULL
5385	event-751	PUBLISHED	0	24279.4750	NULL	NULL
5386	event-752	PUBLISHED	0	24281.5950	NULL	NULL
5387	event-753	PUBLISHED	0	24284.0080	NULL	NULL
5388	event-754	PUBLISHED	0	24285.8560	NULL	NULL
5389	event-755	PUBLISHED	0	24287.2310	NULL	NULL
5390	event-756	PUBLISHED	0	24296.3630	NULL	NULL
5391	event-757	PUBLISHED	0	24298.3170	NULL	NULL
5392	event-758	PUBLISHED	0	24304.1540	NULL	NULL
5393	event-759	PUBLISHED	0	24315.5210	NULL	NULL
5394	event-760	PUBLISHED	0	24317.6150	NULL	NULL
5395	event-761	PUBLISHED	0	24319.4120	NULL	NULL
5396	event-762	PUBLISHED	0	24326.2820	NULL	NULL
5397	event-763	PUBLISHED	0	24329.0130	NULL	NULL
5398	event-764	PUBLISHED	0	24331.9010	NULL	NULL
5399	event-765	PUBLISHED	0	24334.2830	NULL	NULL
5400	event-766	PUBLISHED	0	24340.1480	NULL	NULL
5401	event-767	PUBLISHED	0	24341.5440	NULL	NULL
5402	event-768	PUBLISHED	0	24346.3200	NULL	NULL
5403	event-769	PUBLISHED	0	24350.0290	NULL	NULL
5404	event-770	PUBLISHED	0	24351.6140	NULL	NULL
5405	event-771	PUBLISHED	0	24352.5300	NULL	NULL
5406	event-772	PUBLISHED	0	24356.0620	NULL	NULL
5407	event-773	PUBLISHED	0	24360.0300	NULL	NULL
5408	event-774	PUBLISHED	0	24362.2100	NULL	NULL
5409	event-775	PUBLISHED	0	24364.0470	NULL	NULL
5410	event-776	PUBLISHED	0	24365.1970	NULL	NULL
5411	event-777	PUBLISHED	0	24368.9600	NULL	NULL
5412	event-778	PUBLISHED	0	24371.0910	NULL	NULL
5413	event-779	PUBLISHED	0	24374.8330	NULL	NULL
5414	event-780	PUBLISHED	0	24378.6270	NULL	NULL
5415	event-781	PUBLISHED	0	24381.2070	NULL	NULL
5416	event-782	PUBLISHED	0	24382.4040	NULL	NULL
5417	event-783	PUBLISHED	0	24383.8490	NULL	NULL
5418	event-784	PUBLISHED	0	24386.9650	NULL	NULL
5419	event-785	PUBLISHED	0	24388.2760	NULL	NULL
5420	event-786	PUBLISHED	0	24391.2250	NULL	NULL
5421	event-787	PUBLISHED	0	24393.8130	NULL	NULL
5422	event-788	PUBLISHED	0	24395.9030	NULL	NULL
5423	event-789	PUBLISHED	0	24398.1210	NULL	NULL
5424	event-790	PUBLISHED	0	24402.0500	NULL	NULL
5425	event-791	PUBLISHED	0	24405.7050	NULL	NULL
5426	event-792	PUBLISHED	0	24407.3650	NULL	NULL
5427	event-793	PUBLISHED	0	24409.2670	NULL	NULL
5428	event-794	PUBLISHED	0	24410.7080	NULL	NULL
5429	event-795	PUBLISHED	0	24411.5590	NULL	NULL
5430	event-796	PUBLISHED	0	24412.2200	NULL	NULL
5431	event-797	PUBLISHED	0	24413.4260	NULL	NULL
5432	event-798	PUBLISHED	0	24414.8650	NULL	NULL
5433	event-799	PUBLISHED	0	24418.8850	NULL	NULL
5434	event-800	PUBLISHED	0	24422.3560	NULL	NULL
5435	event-801	PUBLISHED	0	27672.1260	NULL	NULL
5436	event-802	PUBLISHED	0	27677.5350	NULL	NULL
5437	event-803	PUBLISHED	0	27679.8070	NULL	NULL
5438	event-804	PUBLISHED	0	27680.8960	NULL	NULL
5439	event-805	PUBLISHED	0	27682.5030	NULL	NULL
5440	event-806	PUBLISHED	0	27684.1630	NULL	NULL
5441	event-807	PUBLISHED	0	27685.2310	NULL	NULL
5442	event-808	PUBLISHED	0	27686.1930	NULL	NULL
5443	event-809	PUBLISHED	0	27687.3590	NULL	NULL
5444	event-810	PUBLISHED	0	27688.3740	NULL	NULL
5445	event-811	PUBLISHED	0	27689.2750	NULL	NULL
5446	event-812	PUBLISHED	0	27690.2790	NULL	NULL
5447	event-813	PUBLISHED	0	27691.1680	NULL	NULL
5448	event-814	PUBLISHED	0	27692.3780	NULL	NULL
5449	event-815	PUBLISHED	0	27693.1350	NULL	NULL
5450	event-816	PUBLISHED	0	27694.0480	NULL	NULL
5451	event-817	PUBLISHED	0	27694.8530	NULL	NULL
5452	event-818	PUBLISHED	0	27696.3900	NULL	NULL
5453	event-819	PUBLISHED	0	27697.1690	NULL	NULL
5454	event-820	PUBLISHED	0	27702.5880	NULL	NULL
5455	event-821	PUBLISHED	0	27703.9200	NULL	NULL
5456	event-822	PUBLISHED	0	27705.7860	NULL	NULL
5457	event-823	PUBLISHED	0	27707.1180	NULL	NULL
5458	event-824	PUBLISHED	0	27707.8980	NULL	NULL
5459	event-825	PUBLISHED	0	27709.1750	NULL	NULL
5460	event-826	PUBLISHED	0	27710.3120	NULL	NULL
5461	event-827	PUBLISHED	0	27711.6730	NULL	NULL
5462	event-828	PUBLISHED	0	27712.6490	NULL	NULL
5463	event-829	PUBLISHED	0	27714.9700	NULL	NULL
5464	event-830	PUBLISHED	0	27716.0450	NULL	NULL
5465	event-831	PUBLISHED	0	27717.5940	NULL	NULL
5466	event-832	PUBLISHED	0	27718.7120	NULL	NULL
5467	event-833	PUBLISHED	0	27719.5090	NULL	NULL
5468	event-834	PUBLISHED	0	27720.4210	NULL	NULL
5469	event-835	PUBLISHED	0	27721.2870	NULL	NULL
5470	event-836	PUBLISHED	0	27722.3500	NULL	NULL
5471	event-837	PUBLISHED	0	27723.1830	NULL	NULL
5472	event-838	PUBLISHED	0	27723.9720	NULL	NULL
5473	event-839	PUBLISHED	0	27724.7530	NULL	NULL
5474	event-840	PUBLISHED	0	27725.9020	NULL	NULL
5475	event-841	PUBLISHED	0	27727.0020	NULL	NULL
5476	event-842	PUBLISHED	0	27727.9910	NULL	NULL
5477	event-843	PUBLISHED	0	27728.8670	NULL	NULL
5478	event-844	PUBLISHED	0	27729.6030	NULL	NULL
5479	event-845	PUBLISHED	0	27730.5900	NULL	NULL
5480	event-846	PUBLISHED	0	27731.2710	NULL	NULL
5481	event-847	PUBLISHED	0	27732.2390	NULL	NULL
5482	event-848	PUBLISHED	0	27733.8230	NULL	NULL
5483	event-849	PUBLISHED	0	27734.6820	NULL	NULL
5484	event-850	PUBLISHED	0	27735.5040	NULL	NULL
5485	event-851	PUBLISHED	0	27736.2470	NULL	NULL
5486	event-852	PUBLISHED	0	27737.8080	NULL	NULL
5487	event-853	PUBLISHED	0	27738.8580	NULL	NULL
5488	event-854	PUBLISHED	0	27739.7290	NULL	NULL
5489	event-855	PUBLISHED	0	27740.5160	NULL	NULL
5490	event-856	PUBLISHED	0	27741.3520	NULL	NULL
5491	event-857	PUBLISHED	0	27742.9270	NULL	NULL
5492	event-858	PUBLISHED	0	27743.9570	NULL	NULL
5493	event-859	PUBLISHED	0	27744.8720	NULL	NULL
5494	event-860	PUBLISHED	0	27745.8870	NULL	NULL
5495	event-861	PUBLISHED	0	27746.7680	NULL	NULL
5496	event-862	PUBLISHED	0	27747.3050	NULL	NULL
5497	event-863	PUBLISHED	0	27747.9800	NULL	NULL
5498	event-864	PUBLISHED	0	27749.7420	NULL	NULL
5499	event-865	PUBLISHED	0	27751.3460	NULL	NULL
5500	event-866	PUBLISHED	0	27752.2520	NULL	NULL
5501	event-867	PUBLISHED	0	27752.9660	NULL	NULL
5502	event-868	PUBLISHED	0	27753.6390	NULL	NULL
5503	event-869	PUBLISHED	0	27754.3790	NULL	NULL
5504	event-870	PUBLISHED	0	27754.9590	NULL	NULL
5505	event-871	PUBLISHED	0	27755.6010	NULL	NULL
5506	event-872	PUBLISHED	0	27756.4710	NULL	NULL
5507	event-873	PUBLISHED	0	27757.2970	NULL	NULL
5508	event-874	PUBLISHED	0	27758.6500	NULL	NULL
5509	event-875	PUBLISHED	0	27759.8410	NULL	NULL
5510	event-876	PUBLISHED	0	27760.6260	NULL	NULL
5511	event-877	PUBLISHED	0	27761.8330	NULL	NULL
5512	event-878	PUBLISHED	0	27762.7410	NULL	NULL
5513	event-879	PUBLISHED	0	27763.5730	NULL	NULL
5514	event-880	PUBLISHED	0	27764.1870	NULL	NULL
5515	event-881	PUBLISHED	0	27764.7350	NULL	NULL
5516	event-882	PUBLISHED	0	27765.6180	NULL	NULL
5517	event-883	PUBLISHED	0	27766.4920	NULL	NULL
5518	event-884	PUBLISHED	0	27767.5080	NULL	NULL
5519	event-885	PUBLISHED	0	27768.4510	NULL	NULL
5520	event-886	PUBLISHED	0	27769.0980	NULL	NULL
5521	event-887	PUBLISHED	0	27769.8450	NULL	NULL
5522	event-888	PUBLISHED	0	27770.7440	NULL	NULL
5523	event-889	PUBLISHED	0	27772.9810	NULL	NULL
5524	event-890	PUBLISHED	0	27773.9220	NULL	NULL
5525	event-891	PUBLISHED	0	27775.3110	NULL	NULL
5526	event-892	PUBLISHED	0	27777.5060	NULL	NULL
5527	event-893	PUBLISHED	0	27778.6150	NULL	NULL
5528	event-894	PUBLISHED	0	27779.4030	NULL	NULL
5529	event-895	PUBLISHED	0	27780.1580	NULL	NULL
5530	event-896	PUBLISHED	0	27780.7110	NULL	NULL
5531	event-897	PUBLISHED	0	27781.3920	NULL	NULL
5532	event-898	PUBLISHED	0	27782.5570	NULL	NULL
5533	event-899	PUBLISHED	0	27783.5130	NULL	NULL
5534	event-900	PUBLISHED	0	27784.7420	NULL	NULL
5535	event-901	PUBLISHED	0	30911.5010	NULL	NULL
5536	event-902	PUBLISHED	0	30912.9700	NULL	NULL
5537	event-903	PUBLISHED	0	30913.7080	NULL	NULL
5538	event-904	PUBLISHED	0	30914.2600	NULL	NULL
5539	event-905	PUBLISHED	0	30914.8770	NULL	NULL
5540	event-906	PUBLISHED	0	30915.3900	NULL	NULL
5541	event-907	PUBLISHED	0	30915.8840	NULL	NULL
5542	event-908	PUBLISHED	0	30916.3850	NULL	NULL
5543	event-909	PUBLISHED	0	30917.5280	NULL	NULL
5544	event-910	PUBLISHED	0	30918.3820	NULL	NULL
5545	event-911	PUBLISHED	0	30919.1780	NULL	NULL
5546	event-912	PUBLISHED	0	30919.9580	NULL	NULL
5547	event-913	PUBLISHED	0	30920.6040	NULL	NULL
5548	event-914	PUBLISHED	0	30921.2960	NULL	NULL
5549	event-915	PUBLISHED	0	30922.1160	NULL	NULL
5550	event-916	PUBLISHED	0	30922.8130	NULL	NULL
5551	event-917	PUBLISHED	0	30923.7510	NULL	NULL
5552	event-918	PUBLISHED	0	30924.5340	NULL	NULL
5553	event-919	PUBLISHED	0	30925.6090	NULL	NULL
5554	event-920	PUBLISHED	0	30926.4960	NULL	NULL
5555	event-921	PUBLISHED	0	30927.1340	NULL	NULL
5556	event-922	PUBLISHED	0	30928.1210	NULL	NULL
5557	event-923	PUBLISHED	0	30928.7760	NULL	NULL
5558	event-924	PUBLISHED	0	30929.4020	NULL	NULL
5559	event-925	PUBLISHED	0	30929.8990	NULL	NULL
5560	event-926	PUBLISHED	0	30930.3770	NULL	NULL
5561	event-927	PUBLISHED	0	30930.9450	NULL	NULL
5562	event-928	PUBLISHED	0	30931.4920	NULL	NULL
5563	event-929	PUBLISHED	0	30932.0050	NULL	NULL
5564	event-930	PUBLISHED	0	30932.4670	NULL	NULL
5565	event-931	PUBLISHED	0	30933.0920	NULL	NULL
5566	event-932	PUBLISHED	0	30934.1060	NULL	NULL
5567	event-933	PUBLISHED	0	30935.0030	NULL	NULL
5568	event-934	PUBLISHED	0	30935.8300	NULL	NULL
5569	event-935	PUBLISHED	0	30936.5060	NULL	NULL
5570	event-936	PUBLISHED	0	30937.3150	NULL	NULL
5571	event-937	PUBLISHED	0	30938.1860	NULL	NULL
5572	event-938	PUBLISHED	0	30938.8280	NULL	NULL
5573	event-939	PUBLISHED	0	30939.5390	NULL	NULL
5574	event-940	PUBLISHED	0	30940.2510	NULL	NULL
5575	event-941	PUBLISHED	0	30940.8570	NULL	NULL
5576	event-942	PUBLISHED	0	30942.2590	NULL	NULL
5577	event-943	PUBLISHED	0	30943.1380	NULL	NULL
5578	event-944	PUBLISHED	0	30943.9700	NULL	NULL
5579	event-945	PUBLISHED	0	30945.5630	NULL	NULL
5580	event-946	PUBLISHED	0	30946.8060	NULL	NULL
5581	event-947	PUBLISHED	0	30947.4480	NULL	NULL
5582	event-948	PUBLISHED	0	30948.2000	NULL	NULL
5583	event-949	PUBLISHED	0	30948.8350	NULL	NULL
5584	event-950	PUBLISHED	0	30949.6700	NULL	NULL
5585	event-951	PUBLISHED	0	30950.6000	NULL	NULL
5586	event-952	PUBLISHED	0	30951.2940	NULL	NULL
5587	event-953	PUBLISHED	0	30951.9050	NULL	NULL
5588	event-954	PUBLISHED	0	30952.3780	NULL	NULL
5589	event-955	PUBLISHED	0	30952.8800	NULL	NULL
5590	event-956	PUBLISHED	0	30953.4820	NULL	NULL
5591	event-957	PUBLISHED	0	30954.2680	NULL	NULL
5592	event-958	PUBLISHED	0	30955.0380	NULL	NULL
5593	event-959	PUBLISHED	0	30955.8180	NULL	NULL
5594	event-960	PUBLISHED	0	30956.5480	NULL	NULL
5595	event-961	PUBLISHED	0	30957.1950	NULL	NULL
5596	event-962	PUBLISHED	0	30958.4730	NULL	NULL
5597	event-963	PUBLISHED	0	30959.5700	NULL	NULL
5598	event-964	PUBLISHED	0	30960.3900	NULL	NULL
5599	event-965	PUBLISHED	0	30961.0010	NULL	NULL
5600	event-966	PUBLISHED	0	30961.6980	NULL	NULL
5601	event-967	PUBLISHED	0	30962.4210	NULL	NULL
5602	event-968	PUBLISHED	0	30962.9450	NULL	NULL
5603	event-969	PUBLISHED	0	30963.5060	NULL	NULL
5604	event-970	PUBLISHED	0	30964.0750	NULL	NULL
5605	event-971	PUBLISHED	0	30964.6980	NULL	NULL
5606	event-972	PUBLISHED	0	30965.3990	NULL	NULL
5607	event-973	PUBLISHED	0	30965.9840	NULL	NULL
5608	event-974	PUBLISHED	0	30966.9880	NULL	NULL
5609	event-975	PUBLISHED	0	30967.7510	NULL	NULL
5610	event-976	PUBLISHED	0	30968.4320	NULL	NULL
5611	event-977	PUBLISHED	0	30969.0030	NULL	NULL
5612	event-978	PUBLISHED	0	30969.7520	NULL	NULL
5613	event-979	PUBLISHED	0	30970.5060	NULL	NULL
5614	event-980	PUBLISHED	0	30971.4290	NULL	NULL
5615	event-981	PUBLISHED	0	30972.4370	NULL	NULL
5616	event-982	PUBLISHED	0	30973.2670	NULL	NULL
5617	event-983	PUBLISHED	0	30974.0600	NULL	NULL
5618	event-984	PUBLISHED	0	30975.7190	NULL	NULL
5619	event-985	PUBLISHED	0	30976.7320	NULL	NULL
5620	event-986	PUBLISHED	0	30977.6290	NULL	NULL
5621	event-987	PUBLISHED	0	30978.3760	NULL	NULL
5622	event-988	PUBLISHED	0	30979.1840	NULL	NULL
5623	event-989	PUBLISHED	0	30979.8080	NULL	NULL
5624	event-990	PUBLISHED	0	30980.3700	NULL	NULL
5625	event-991	PUBLISHED	0	30981.0440	NULL	NULL
5626	event-992	PUBLISHED	0	30981.7890	NULL	NULL
5627	event-993	PUBLISHED	0	30982.4320	NULL	NULL
5628	event-994	PUBLISHED	0	30983.1420	NULL	NULL
5629	event-995	PUBLISHED	0	30984.2680	NULL	NULL
5630	event-996	PUBLISHED	0	30984.9740	NULL	NULL
5631	event-997	PUBLISHED	0	30985.6290	NULL	NULL
5632	event-998	PUBLISHED	0	30986.3990	NULL	NULL
5633	event-999	PUBLISHED	0	30987.1250	NULL	NULL
5634	event-1000	PUBLISHED	0	30987.8280	NULL	NULL