0	event-1	{}
1	event-2	{}
2	event-3	{}
3	event-4	{}
4	event-5	{}
5	event-6	{}
6	event-7	{}
7	event-8	{}
8	event-9	{}
9	event-10	{}
10	event-11	{}
11	event-12	{}
12	event-13	{}
13	event-14	{}
14	event-15	{}
15	event-16	{}
16	event-17	{}
17	event-18	{}
18	event-19	{}
19	event-20	{}
20	event-21	{}
21	event-22	{}
22	event-23	{}
23	event-24	{}
24	event-25	{}
25	event-26	{}
26	event-27	{}
27	event-28	{}
28	event-29	{}
29	event-30	{}
30	event-31	{}
31	event-32	{}
32	event-33	{}
33	event-34	{}
34	event-35	{}
35	event-36	{}
36	event-37	{}
37	event-38	{}
38	event-39	{}
39	event-40	{}
40	event-41	{}
41	event-42	{}
42	event-43	{}
43	event-44	{}
44	event-45	{}
45	event-46	{}
46	event-47	{}
47	event-48	{}
48	event-49	{}
49	event-50	{}
50	event-51	{}
51	event-52	{}
52	event-53	{}
53	event-54	{}
54	event-55	{}
55	event-56	{}
56	event-57	{}
57	event-58	{}
58	event-59	{}
59	event-60	{}
60	event-61	{}
61	event-62	{}
62	event-63	{}
63	event-64	{}
64	event-65	{}
65	event-66	{}
66	event-67	{}
67	event-68	{}
68	event-69	{}
69	event-70	{}
70	event-71	{}
71	event-72	{}
72	event-73	{}
73	event-74	{}
74	event-75	{}
75	event-76	{}
76	event-77	{}
77	event-78	{}
78	event-79	{}
79	event-80	{}
80	event-81	{}
81	event-82	{}
82	event-83	{}
83	event-84	{}
84	event-85	{}
85	event-86	{}
86	event-87	{}
87	event-88	{}
88	event-89	{}
89	event-90	{}
90	event-91	{}
91	event-92	{}
92	event-93	{}
93	event-94	{}
94	event-95	{}
95	event-96	{}
96	event-97	{}
97	event-98	{}
98	event-99	{}
99	event-100	{}
100	event-101	{}
101	event-102	{}
102	event-103	{}
103	event-104	{}
104	event-105	{}
105	event-106	{}
106	event-107	{}
107	event-108	{}
108	event-109	{}
109	event-110	{}
110	event-111	{}
111	event-112	{}
112	event-113	{}
113	event-114	{}
114	event-115	{}
115	event-116	{}
116	event-117	{}
117	event-118	{}
118	event-119	{}
119	event-120	{}
120	event-121	{}
121	event-122	{}
122	event-123	{}
123	event-124	{}
124	event-125	{}
125	event-126	{}
126	event-127	{}
127	event-128	{}
128	event-129	{}
129	event-130	{}
130	event-131	{}
131	event-132	{}
132	event-133	{}
133	event-134	{}
134	event-135	{}
135	event-136	{}
136	event-137	{}
137	event-138	{}
138	event-139	{}
139	event-140	{}
140	event-141	{}
141	event-142	{}
142	event-143	{}
143	event-144	{}
144	event-145	{}
145	event-146	{}
146	event-147	{}
147	event-148	{}
148	event-149	{}
149	event-150	{}
150	event-151	{}
151	event-152	{}
152	event-153	{}
153	event-154	{}
154	event-155	{}
155	event-156	{}
156	event-157	{}
157	event-158	{}
158	event-159	{}
159	event-160	{}
160	event-161	{}
161	event-162	{}
162	event-163	{}
163	event-164	{}
164	event-165	{}
165	event-166	{}
166	event-167	{}
167	event-168	{}
168	event-169	{}
169	event-170	{}
170	event-171	{}
171	event-172	{}
172	event-173	{}
173	event-174	{}
174	event-175	{}
175	event-176	{}
176	event-177	{}
177	event-178	{}
178	event-179	{}
179	event-180	{}
180	event-181	{}
181	event-182	{}
182	event-183	{}
183	event-184	{}
184	event-185	{}
185	event-186	{}
186	event-187	{}
187	event-188	{}
188	event-189	{}
189	event-190	{}
190	event-191	{}
191	event-192	{}
192	event-193	{}
193	event-194	{}
194	event-195	{}
195	event-196	{}
196	event-197	{}
197	event-198	{}
198	event-199	{}
199	event-200	{}
200	event-201	{}
201	event-202	{}
202	event-203	{}
203	event-204	{}
204	event-205	{}
205	event-206	{}
206	event-207	{}
207	event-208	{}
208	event-209	{}
209	event-210	{}
210	event-211	{}
211	event-212	{}
212	event-213	{}
213	event-214	{}
214	event-215	{}
215	event-216	{}
216	event-217	{}
217	event-218	{}
218	event-219	{}
219	event-220	{}
220	event-221	{}
221	event-222	{}
222	event-223	{}
223	event-224	{}
224	event-225	{}
225	event-226	{}
226	event-227	{}
227	event-228	{}
228	event-229	{}
229	event-230	{}
230	event-231	{}
231	event-232	{}
232	event-233	{}
233	event-234	{}
234	event-235	{}
235	event-236	{}
236	event-237	{}
237	event-238	{}
238	event-239	{}
239	event-240	{}
240	event-241	{}
241	event-242	{}
242	event-243	{}
243	event-244	{}
244	event-245	{}
245	event-246	{}
246	event-247	{}
247	event-248	{}
248	event-249	{}
249	event-250	{}
250	event-251	{}
251	event-252	{}
252	event-253	{}
253	event-254	{}
254	event-255	{}
255	event-256	{}
256	event-257	{}
257	event-258	{}
258	event-259	{}
259	event-260	{}
260	event-261	{}
261	event-262	{}
262	event-263	{}
263	event-264	{}
264	event-265	{}
265	event-266	{}
266	event-267	{}
267	event-268	{}
268	event-269	{}
269	event-270	{}
270	event-271	{}
271	event-272	{}
272	event-273	{}
273	event-274	{}
274	event-275	{}
275	event-276	{}
276	event-277	{}
277	event-278	{}
278	event-279	{}
279	event-280	{}
280	event-281	{}
281	event-282	{}
282	event-283	{}
283	event-284	{}
284	event-285	{}
285	event-286	{}
286	event-287	{}
287	event-288	{}
288	event-289	{}
289	event-290	{}
290	event-291	{}
291	event-292	{}
292	event-293	{}
293	event-294	{}
294	event-295	{}
295	event-296	{}
296	event-297	{}
297	event-298	{}
298	event-299	{}
299	event-300	{}
