4093	PROCESSING	0	C1F38C8F53F44370A4685A6C798FD185	2026-09-08 08:44:28.157557	NULL	crash-1
4094	PROCESSING	0	C1F38C8F53F44370A4685A6C798FD185	2026-09-08 08:44:28.157557	NULL	crash-2
4095	PROCESSING	0	C1F38C8F53F44370A4685A6C798FD185	2026-09-08 08:44:28.157557	NULL	crash-3
4096	PROCESSING	0	C1F38C8F53F44370A4685A6C798FD185	2026-09-08 08:44:28.157557	NULL	crash-4
4097	PROCESSING	0	C1F38C8F53F44370A4685A6C798FD185	2026-09-08 08:44:28.157557	NULL	crash-5
4098	PROCESSING	0	C1F38C8F53F44370A4685A6C798FD185	2026-09-08 08:44:28.157557	NULL	crash-6
4099	PROCESSING	0	C1F38C8F53F44370A4685A6C798FD185	2026-09-08 08:44:28.157557	NULL	crash-7
4100	PROCESSING	0	C1F38C8F53F44370A4685A6C798FD185	2026-09-08 08:44:28.157557	NULL	crash-8
4101	PROCESSING	0	C1F38C8F53F44370A4685A6C798FD185	2026-09-08 08:44:28.157557	NULL	crash-9
4102	PROCESSING	0	C1F38C8F53F44370A4685A6C798FD185	2026-09-08 08:44:28.157557	NULL	crash-10
4103	PROCESSING	0	C1F38C8F53F44370A4685A6C798FD185	2026-09-08 08:44:28.157557	NULL	crash-11
4104	PROCESSING	0	C1F38C8F53F44370A4685A6C798FD185	2026-09-08 08:44:28.157557	NULL	crash-12
4105	PROCESSING	0	C1F38C8F53F44370A4685A6C798FD185	2026-09-08 08:44:28.157557	NULL	crash-13
4106	PROCESSING	0	C1F38C8F53F44370A4685A6C798FD185	2026-09-08 08:44:28.157557	NULL	crash-14
4107	PROCESSING	0	C1F38C8F53F44370A4685A6C798FD185	2026-09-08 08:44:28.157557	NULL	crash-15
4108	PROCESSING	0	C1F38C8F53F44370A4685A6C798FD185	2026-09-08 08:44:28.157557	NULL	crash-16
4109	PROCESSING	0	C1F38C8F53F44370A4685A6C798FD185	2026-09-08 08:44:28.157557	NULL	crash-17
4110	PROCESSING	0	C1F38C8F53F44370A4685A6C798FD185	2026-09-08 08:44:28.157557	NULL	crash-18
4111	PROCESSING	0	C1F38C8F53F44370A4685A6C798FD185	2026-09-08 08:44:28.157557	NULL	crash-19
4112	PROCESSING	0	C1F38C8F53F44370A4685A6C798FD185	2026-09-08 08:44:28.157557	NULL	crash-20