id,claimToken
4093,c1f38c8f-53f4-4370-a468-5a6c798fd185
4094,c1f38c8f-53f4-4370-a468-5a6c798fd185
4095,c1f38c8f-53f4-4370-a468-5a6c798fd185
4096,c1f38c8f-53f4-4370-a468-5a6c798fd185
4097,c1f38c8f-53f4-4370-a468-5a6c798fd185
4098,c1f38c8f-53f4-4370-a468-5a6c798fd185
4099,c1f38c8f-53f4-4370-a468-5a6c798fd185
4100,c1f38c8f-53f4-4370-a468-5a6c798fd185
4101,c1f38c8f-53f4-4370-a468-5a6c798fd185
4102,c1f38c8f-53f4-4370-a468-5a6c798fd185
4103,c1f38c8f-53f4-4370-a468-5a6c798fd185
4104,c1f38c8f-53f4-4370-a468-5a6c798fd185
4105,c1f38c8f-53f4-4370-a468-5a6c798fd185
4106,c1f38c8f-53f4-4370-a468-5a6c798fd185
4107,c1f38c8f-53f4-4370-a468-5a6c798fd185
4108,c1f38c8f-53f4-4370-a468-5a6c798fd185
4109,c1f38c8f-53f4-4370-a468-5a6c798fd185
4110,c1f38c8f-53f4-4370-a468-5a6c798fd185
4111,c1f38c8f-53f4-4370-a468-5a6c798fd185
4112,c1f38c8f-53f4-4370-a468-5a6c798fd185
