4093	PUBLISHED	1	NULL	NULL	2026-09-08 08:45:36.405475	crash-1
4094	PUBLISHED	1	NULL	NULL	2026-09-08 08:45:36.432429	crash-2
4095	PUBLISHED	1	NULL	NULL	2026-09-08 08:45:36.437596	crash-3
4096	PUBLISHED	1	NULL	NULL	2026-09-08 08:45:36.443401	crash-4
4097	PUBLISHED	1	NULL	NULL	2026-09-08 08:45:36.451994	crash-5
4098	PUBLISHED	1	NULL	NULL	2026-09-08 08:45:36.461640	crash-6
4099	PUBLISHED	1	NULL	NULL	2026-09-08 08:45:36.468791	crash-7
4100	PUBLISHED	1	NULL	NULL	2026-09-08 08:45:36.473655	crash-8
4101	PUBLISHED	1	NULL	NULL	2026-09-08 08:45:36.477121	crash-9
4102	PUBLISHED	1	NULL	NULL	2026-09-08 08:45:36.481794	crash-10
4103	PUBLISHED	1	NULL	NULL	2026-09-08 08:45:36.488292	crash-11
4104	PUBLISHED	1	NULL	NULL	2026-09-08 08:45:36.722682	crash-12
4105	PUBLISHED	1	NULL	NULL	2026-09-08 08:45:36.891060	crash-13
4106	PUBLISHED	1	NULL	NULL	2026-09-08 08:45:36.922863	crash-14
4107	PUBLISHED	1	NULL	NULL	2026-09-08 08:45:36.939491	crash-15
4108	PUBLISHED	1	NULL	NULL	2026-09-08 08:45:36.949593	crash-16
4109	PUBLISHED	1	NULL	NULL	2026-09-08 08:45:36.969732	crash-17
4110	PUBLISHED	1	NULL	NULL	2026-09-08 08:45:36.987469	crash-18
4111	PUBLISHED	1	NULL	NULL	2026-09-08 08:45:37.059941	crash-19
4112	PUBLISHED	1	NULL	NULL	2026-09-08 08:45:37.122210	crash-20