id,key,status,retry_count,created_at,published_at,publication_record_lag_ms
2047,event-1,PUBLISHED,0,2026-09-08 00:44:51.800979,2026-09-08 00:44:54.155444,2354.4650
2048,event-2,PUBLISHED,0,2026-09-08 00:44:51.800979,2026-09-08 00:44:54.157356,2356.3770
2049,event-3,PUBLISHED,0,2026-09-08 00:44:51.800979,2026-09-08 00:44:54.158535,2357.5560
2050,event-4,PUBLISHED,0,2026-09-08 00:44:51.800979,2026-09-08 00:44:54.159591,2358.6120
2051,event-5,PUBLISHED,0,2026-09-08 00:44:51.800979,2026-09-08 00:44:54.160574,2359.5950
2052,event-6,PUBLISHED,0,2026-09-08 00:44:51.800979,2026-09-08 00:44:54.161390,2360.4110
2053,event-7,PUBLISHED,0,2026-09-08 00:44:51.800979,2026-09-08 00:44:54.162151,2361.1720
2054,event-8,PUBLISHED,0,2026-09-08 00:44:51.800979,2026-09-08 00:44:54.162849,2361.8700
2055,event-9,PUBLISHED,0,2026-09-08 00:44:51.800979,2026-09-08 00:44:54.164246,2363.2670
2056,event-10,PUBLISHED,0,2026-09-08 00:44:51.800979,2026-09-08 00:44:54.165309,2364.3300
2057,event-11,PUBLISHED,0,2026-09-08 00:44:51.800979,2026-09-08 00:44:54.166172,2365.1930
2058,event-12,PUBLISHED,0,2026-09-08 00:44:51.800979,2026-09-08 00:44:54.167082,2366.1030
2059,event-13,PUBLISHED,0,2026-09-08 00:44:51.800979,2026-09-08 00:44:54.168067,2367.0880
2060,event-14,PUBLISHED,0,2026-09-08 00:44:51.800979,2026-09-08 00:44:54.168912,2367.9330
2061,event-15,PUBLISHED,0,2026-09-08 00:44:51.800979,2026-09-08 00:44:54.169821,2368.8420
2062,event-16,PUBLISHED,0,2026-09-08 00:44:51.800979,2026-09-08 00:44:54.170671,2369.6920
2063,event-17,PUBLISHED,0,2026-09-08 00:44:51.800979,2026-09-08 00:44:54.171292,2370.3130
2064,event-18,PUBLISHED,0,2026-09-08 00:44:51.800979,2026-09-08 00:44:54.172334,2371.3550
2065,event-19,PUBLISHED,0,2026-09-08 00:44:51.800979,2026-09-08 00:44:54.173465,2372.4860
2066,event-20,PUBLISHED,0,2026-09-08 00:44:51.800979,2026-09-08 00:44:54.174613,2373.6340
2067,event-21,PUBLISHED,0,2026-09-08 00:44:51.800979,2026-09-08 00:44:54.175476,2374.4970
2068,event-22,PUBLISHED,0,2026-09-08 00:44:51.800979,2026-09-08 00:44:54.176308,2375.3290
2069,event-23,PUBLISHED,0,2026-09-08 00:44:51.800979,2026-09-08 00:44:54.178127,2377.1480
2070,event-24,PUBLISHED,0,2026-09-08 00:44:51.800979,2026-09-08 00:44:54.179092,2378.1130
2071,event-25,PUBLISHED,0,2026-09-08 00:44:51.800979,2026-09-08 00:44:54.181085,2380.1060
2072,event-26,PUBLISHED,0,2026-09-08 00:44:51.800979,2026-09-08 00:44:54.182039,2381.0600
2073,event-27,PUBLISHED,0,2026-09-08 00:44:51.800979,2026-09-08 00:44:54.182870,2381.8910
2074,event-28,PUBLISHED,0,2026-09-08 00:44:51.800979,2026-09-08 00:44:54.184443,2383.4640
2075,event-29,PUBLISHED,0,2026-09-08 00:44:51.800979,2026-09-08 00:44:54.185316,2384.3370
2076,event-30,PUBLISHED,0,2026-09-08 00:44:51.800979,2026-09-08 00:44:54.185998,2385.0190
2077,event-31,PUBLISHED,0,2026-09-08 00:44:51.800979,2026-09-08 00:44:54.186731,2385.7520
2078,event-32,PUBLISHED,0,2026-09-08 00:44:51.800979,2026-09-08 00:44:54.187644,2386.6650
2079,event-33,PUBLISHED,0,2026-09-08 00:44:51.800979,2026-09-08 00:44:54.189812,2388.8330
2080,event-34,PUBLISHED,0,2026-09-08 00:44:51.800979,2026-09-08 00:44:54.190957,2389.9780
2081,event-35,PUBLISHED,0,2026-09-08 00:44:51.800979,2026-09-08 00:44:54.191821,2390.8420
2082,event-36,PUBLISHED,0,2026-09-08 00:44:51.800979,2026-09-08 00:44:54.192659,2391.6800
2083,event-37,PUBLISHED,0,2026-09-08 00:44:51.800979,2026-09-08 00:44:54.193491,2392.5120
2084,event-38,PUBLISHED,0,2026-09-08 00:44:51.800979,2026-09-08 00:44:54.194171,2393.1920
2085,event-39,PUBLISHED,0,2026-09-08 00:44:51.800979,2026-09-08 00:44:54.194834,2393.8550
2086,event-40,PUBLISHED,0,2026-09-08 00:44:51.800979,2026-09-08 00:44:54.195639,2394.6600
2087,event-41,PUBLISHED,0,2026-09-08 00:44:51.800979,2026-09-08 00:44:54.196842,2395.8630
2088,event-42,PUBLISHED,0,2026-09-08 00:44:51.800979,2026-09-08 00:44:54.198466,2397.4870
2089,event-43,PUBLISHED,0,2026-09-08 00:44:51.800979,2026-09-08 00:44:54.199332,2398.3530
2090,event-44,PUBLISHED,0,2026-09-08 00:44:51.800979,2026-09-08 00:44:54.200229,2399.2500
2091,event-45,PUBLISHED,0,2026-09-08 00:44:51.800979,2026-09-08 00:44:54.201211,2400.2320
2092,event-46,PUBLISHED,0,2026-09-08 00:44:51.800979,2026-09-08 00:44:54.201991,2401.0120
2093,event-47,PUBLISHED,0,2026-09-08 00:44:51.800979,2026-09-08 00:44:54.202776,2401.7970
2094,event-48,PUBLISHED,0,2026-09-08 00:44:51.800979,2026-09-08 00:44:54.203590,2402.6110
2095,event-49,PUBLISHED,0,2026-09-08 00:44:51.800979,2026-09-08 00:44:54.204329,2403.3500
2096,event-50,PUBLISHED,0,2026-09-08 00:44:51.800979,2026-09-08 00:44:54.205158,2404.1790
2097,event-51,PUBLISHED,0,2026-09-08 00:44:51.800979,2026-09-08 00:44:54.206071,2405.0920
2098,event-52,PUBLISHED,0,2026-09-08 00:44:51.800979,2026-09-08 00:44:54.206935,2405.9560
2099,event-53,PUBLISHED,0,2026-09-08 00:44:51.800979,2026-09-08 00:44:54.209145,2408.1660
2100,event-54,PUBLISHED,0,2026-09-08 00:44:51.800979,2026-09-08 00:44:54.211781,2410.8020
2101,event-55,PUBLISHED,0,2026-09-08 00:44:51.800979,2026-09-08 00:44:54.212729,2411.7500
2102,event-56,PUBLISHED,0,2026-09-08 00:44:51.800979,2026-09-08 00:44:54.213830,2412.8510
2103,event-57,PUBLISHED,0,2026-09-08 00:44:51.800979,2026-09-08 00:44:54.214666,2413.6870
2104,event-58,PUBLISHED,0,2026-09-08 00:44:51.800979,2026-09-08 00:44:54.215324,2414.3450
2105,event-59,PUBLISHED,0,2026-09-08 00:44:51.800979,2026-09-08 00:44:54.215865,2414.8860
2106,event-60,PUBLISHED,0,2026-09-08 00:44:51.800979,2026-09-08 00:44:54.216421,2415.4420
2107,event-61,PUBLISHED,0,2026-09-08 00:44:51.800979,2026-09-08 00:44:54.216947,2415.9680
2108,event-62,PUBLISHED,0,2026-09-08 00:44:51.800979,2026-09-08 00:44:54.217454,2416.4750
2109,event-63,PUBLISHED,0,2026-09-08 00:44:51.800979,2026-09-08 00:44:54.218119,2417.1400
2110,event-64,PUBLISHED,0,2026-09-08 00:44:51.800979,2026-09-08 00:44:54.218935,2417.9560
2111,event-65,PUBLISHED,0,2026-09-08 00:44:51.800979,2026-09-08 00:44:54.219729,2418.7500
2112,event-66,PUBLISHED,0,2026-09-08 00:44:51.800979,2026-09-08 00:44:54.220586,2419.6070
2113,event-67,PUBLISHED,0,2026-09-08 00:44:51.800979,2026-09-08 00:44:54.221270,2420.2910
2114,event-68,PUBLISHED,0,2026-09-08 00:44:51.800979,2026-09-08 00:44:54.221928,2420.9490
2115,event-69,PUBLISHED,0,2026-09-08 00:44:51.800979,2026-09-08 00:44:54.222879,2421.9000
2116,event-70,PUBLISHED,0,2026-09-08 00:44:51.800979,2026-09-08 00:44:54.223654,2422.6750
2117,event-71,PUBLISHED,0,2026-09-08 00:44:51.800979,2026-09-08 00:44:54.224621,2423.6420
2118,event-72,PUBLISHED,0,2026-09-08 00:44:51.800979,2026-09-08 00:44:54.225435,2424.4560
2119,event-73,PUBLISHED,0,2026-09-08 00:44:51.800979,2026-09-08 00:44:54.226134,2425.1550
2120,event-74,PUBLISHED,0,2026-09-08 00:44:51.800979,2026-09-08 00:44:54.226786,2425.8070
2121,event-75,PUBLISHED,0,2026-09-08 00:44:51.800979,2026-09-08 00:44:54.227454,2426.4750
2122,event-76,PUBLISHED,0,2026-09-08 00:44:51.800979,2026-09-08 00:44:54.228160,2427.1810
2123,event-77,PUBLISHED,0,2026-09-08 00:44:51.800979,2026-09-08 00:44:54.228741,2427.7620
2124,event-78,PUBLISHED,0,2026-09-08 00:44:51.800979,2026-09-08 00:44:54.229336,2428.3570
2125,event-79,PUBLISHED,0,2026-09-08 00:44:51.800979,2026-09-08 00:44:54.230131,2429.1520
2126,event-80,PUBLISHED,0,2026-09-08 00:44:51.800979,2026-09-08 00:44:54.231077,2430.0980
2127,event-81,PUBLISHED,0,2026-09-08 00:44:51.800979,2026-09-08 00:44:54.231824,2430.8450
2128,event-82,PUBLISHED,0,2026-09-08 00:44:51.800979,2026-09-08 00:44:54.232519,2431.5400
2129,event-83,PUBLISHED,0,2026-09-08 00:44:51.800979,2026-09-08 00:44:54.233060,2432.0810
2130,event-84,PUBLISHED,0,2026-09-08 00:44:51.800979,2026-09-08 00:44:54.233636,2432.6570
2131,event-85,PUBLISHED,0,2026-09-08 00:44:51.800979,2026-09-08 00:44:54.234210,2433.2310
2132,event-86,PUBLISHED,0,2026-09-08 00:44:51.800979,2026-09-08 00:44:54.235001,2434.0220
2133,event-87,PUBLISHED,0,2026-09-08 00:44:51.800979,2026-09-08 00:44:54.235804,2434.8250
2134,event-88,PUBLISHED,0,2026-09-08 00:44:51.800979,2026-09-08 00:44:54.236777,2435.7980
2135,event-89,PUBLISHED,0,2026-09-08 00:44:51.800979,2026-09-08 00:44:54.237547,2436.5680
2136,event-90,PUBLISHED,0,2026-09-08 00:44:51.800979,2026-09-08 00:44:54.238227,2437.2480
2137,event-91,PUBLISHED,0,2026-09-08 00:44:51.800979,2026-09-08 00:44:54.240166,2439.1870
2138,event-92,PUBLISHED,0,2026-09-08 00:44:51.800979,2026-09-08 00:44:54.241261,2440.2820
2139,event-93,PUBLISHED,0,2026-09-08 00:44:51.800979,2026-09-08 00:44:54.242319,2441.3400
2140,event-94,PUBLISHED,0,2026-09-08 00:44:51.800979,2026-09-08 00:44:54.242970,2441.9910
2141,event-95,PUBLISHED,0,2026-09-08 00:44:51.800979,2026-09-08 00:44:54.243562,2442.5830
2142,event-96,PUBLISHED,0,2026-09-08 00:44:51.800979,2026-09-08 00:44:54.244150,2443.1710
2143,event-97,PUBLISHED,0,2026-09-08 00:44:51.800979,2026-09-08 00:44:54.244691,2443.7120
2144,event-98,PUBLISHED,0,2026-09-08 00:44:51.800979,2026-09-08 00:44:54.245195,2444.2160
2145,event-99,PUBLISHED,0,2026-09-08 00:44:51.800979,2026-09-08 00:44:54.245692,2444.7130
2146,event-100,PUBLISHED,0,2026-09-08 00:44:51.800979,2026-09-08 00:44:54.246280,2445.3010
2147,event-101,PUBLISHED,0,2026-09-08 00:44:51.800979,2026-09-08 00:44:57.369408,5568.4290
2148,event-102,PUBLISHED,0,2026-09-08 00:44:51.800979,2026-09-08 00:44:57.370852,5569.8730
2149,event-103,PUBLISHED,0,2026-09-08 00:44:51.800979,2026-09-08 00:44:57.372041,5571.0620
2150,event-104,PUBLISHED,0,2026-09-08 00:44:51.800979,2026-09-08 00:44:57.372871,5571.8920
2151,event-105,PUBLISHED,0,2026-09-08 00:44:51.800979,2026-09-08 00:44:57.373721,5572.7420
2152,event-106,PUBLISHED,0,2026-09-08 00:44:51.800979,2026-09-08 00:44:57.374489,5573.5100
2153,event-107,PUBLISHED,0,2026-09-08 00:44:51.800979,2026-09-08 00:44:57.375168,5574.1890
2154,event-108,PUBLISHED,0,2026-09-08 00:44:51.800979,2026-09-08 00:44:57.375967,5574.9880
2155,event-109,PUBLISHED,0,2026-09-08 00:44:51.800979,2026-09-08 00:44:57.377422,5576.4430
2156,event-110,PUBLISHED,0,2026-09-08 00:44:51.800979,2026-09-08 00:44:57.378465,5577.4860
2157,event-111,PUBLISHED,0,2026-09-08 00:44:51.800979,2026-09-08 00:44:57.379303,5578.3240
2158,event-112,PUBLISHED,0,2026-09-08 00:44:51.800979,2026-09-08 00:44:57.380122,5579.1430
2159,event-113,PUBLISHED,0,2026-09-08 00:44:51.800979,2026-09-08 00:44:57.381033,5580.0540
2160,event-114,PUBLISHED,0,2026-09-08 00:44:51.800979,2026-09-08 00:44:57.381749,5580.7700
2161,event-115,PUBLISHED,0,2026-09-08 00:44:51.800979,2026-09-08 00:44:57.382304,5581.3250
2162,event-116,PUBLISHED,0,2026-09-08 00:44:51.800979,2026-09-08 00:44:57.382842,5581.8630
2163,event-117,PUBLISHED,0,2026-09-08 00:44:51.800979,2026-09-08 00:44:57.383542,5582.5630
2164,event-118,PUBLISHED,0,2026-09-08 00:44:51.800979,2026-09-08 00:44:57.384347,5583.3680
2165,event-119,PUBLISHED,0,2026-09-08 00:44:51.800979,2026-09-08 00:44:57.385345,5584.3660
2166,event-120,PUBLISHED,0,2026-09-08 00:44:51.800979,2026-09-08 00:44:57.386418,5585.4390
2167,event-121,PUBLISHED,0,2026-09-08 00:44:51.800979,2026-09-08 00:44:57.387307,5586.3280
2168,event-122,PUBLISHED,0,2026-09-08 00:44:51.800979,2026-09-08 00:44:57.388139,5587.1600
2169,event-123,PUBLISHED,0,2026-09-08 00:44:51.800979,2026-09-08 00:44:57.389145,5588.1660
2170,event-124,PUBLISHED,0,2026-09-08 00:44:51.800979,2026-09-08 00:44:57.389950,5588.9710
2171,event-125,PUBLISHED,0,2026-09-08 00:44:51.800979,2026-09-08 00:44:57.390825,5589.8460
2172,event-126,PUBLISHED,0,2026-09-08 00:44:51.800979,2026-09-08 00:44:57.391920,5590.9410
2173,event-127,PUBLISHED,0,2026-09-08 00:44:51.800979,2026-09-08 00:44:57.392556,5591.5770
2174,event-128,PUBLISHED,0,2026-09-08 00:44:51.800979,2026-09-08 00:44:57.393100,5592.1210
2175,event-129,PUBLISHED,0,2026-09-08 00:44:51.800979,2026-09-08 00:44:57.393893,5592.9140
2176,event-130,PUBLISHED,0,2026-09-08 00:44:51.800979,2026-09-08 00:44:57.394716,5593.7370
2177,event-131,PUBLISHED,0,2026-09-08 00:44:51.800979,2026-09-08 00:44:57.395390,5594.4110
2178,event-132,PUBLISHED,0,2026-09-08 00:44:51.800979,2026-09-08 00:44:57.395922,5594.9430
2179,event-133,PUBLISHED,0,2026-09-08 00:44:51.800979,2026-09-08 00:44:57.396809,5595.8300
2180,event-134,PUBLISHED,0,2026-09-08 00:44:51.800979,2026-09-08 00:44:57.398348,5597.3690
2181,event-135,PUBLISHED,0,2026-09-08 00:44:51.800979,2026-09-08 00:44:57.399268,5598.2890
2182,event-136,PUBLISHED,0,2026-09-08 00:44:51.800979,2026-09-08 00:44:57.399837,5598.8580
2183,event-137,PUBLISHED,0,2026-09-08 00:44:51.800979,2026-09-08 00:44:57.400398,5599.4190
2184,event-138,PUBLISHED,0,2026-09-08 00:44:51.800979,2026-09-08 00:44:57.400945,5599.9660
2185,event-139,PUBLISHED,0,2026-09-08 00:44:51.800979,2026-09-08 00:44:57.401750,5600.7710
2186,event-140,PUBLISHED,0,2026-09-08 00:44:51.800979,2026-09-08 00:44:57.402531,5601.5520
2187,event-141,PUBLISHED,0,2026-09-08 00:44:51.800979,2026-09-08 00:44:57.403458,5602.4790
2188,event-142,PUBLISHED,0,2026-09-08 00:44:51.800979,2026-09-08 00:44:57.404321,5603.3420
2189,event-143,PUBLISHED,0,2026-09-08 00:44:51.800979,2026-09-08 00:44:57.404901,5603.9220
2190,event-144,PUBLISHED,0,2026-09-08 00:44:51.800979,2026-09-08 00:44:57.405777,5604.7980
2191,event-145,PUBLISHED,0,2026-09-08 00:44:51.800979,2026-09-08 00:44:57.406680,5605.7010
2192,event-146,PUBLISHED,0,2026-09-08 00:44:51.800979,2026-09-08 00:44:57.407496,5606.5170
2193,event-147,PUBLISHED,0,2026-09-08 00:44:51.800979,2026-09-08 00:44:57.408515,5607.5360
2194,event-148,PUBLISHED,0,2026-09-08 00:44:51.800979,2026-09-08 00:44:57.409417,5608.4380
2195,event-149,PUBLISHED,0,2026-09-08 00:44:51.800979,2026-09-08 00:44:57.410141,5609.1620
2196,event-150,PUBLISHED,0,2026-09-08 00:44:51.800979,2026-09-08 00:44:57.411575,5610.5960
2197,event-151,PUBLISHED,0,2026-09-08 00:44:51.800979,2026-09-08 00:44:57.412277,5611.2980
2198,event-152,PUBLISHED,0,2026-09-08 00:44:51.800979,2026-09-08 00:44:57.412806,5611.8270
2199,event-153,PUBLISHED,0,2026-09-08 00:44:51.800979,2026-09-08 00:44:57.413985,5613.0060
2200,event-154,PUBLISHED,0,2026-09-08 00:44:51.800979,2026-09-08 00:44:57.415113,5614.1340
2201,event-155,PUBLISHED,0,2026-09-08 00:44:51.800979,2026-09-08 00:44:57.415850,5614.8710
2202,event-156,PUBLISHED,0,2026-09-08 00:44:51.800979,2026-09-08 00:44:57.416421,5615.4420
2203,event-157,PUBLISHED,0,2026-09-08 00:44:51.800979,2026-09-08 00:44:57.416962,5615.9830
2204,event-158,PUBLISHED,0,2026-09-08 00:44:51.800979,2026-09-08 00:44:57.417523,5616.5440
2205,event-159,PUBLISHED,0,2026-09-08 00:44:51.800979,2026-09-08 00:44:57.418181,5617.2020
2206,event-160,PUBLISHED,0,2026-09-08 00:44:51.800979,2026-09-08 00:44:57.418862,5617.8830
2207,event-161,PUBLISHED,0,2026-09-08 00:44:51.800979,2026-09-08 00:44:57.419616,5618.6370
2208,event-162,PUBLISHED,0,2026-09-08 00:44:51.800979,2026-09-08 00:44:57.420329,5619.3500
2209,event-163,PUBLISHED,0,2026-09-08 00:44:51.800979,2026-09-08 00:44:57.421106,5620.1270
2210,event-164,PUBLISHED,0,2026-09-08 00:44:51.800979,2026-09-08 00:44:57.422101,5621.1220
2211,event-165,PUBLISHED,0,2026-09-08 00:44:51.800979,2026-09-08 00:44:57.423026,5622.0470
2212,event-166,PUBLISHED,0,2026-09-08 00:44:51.800979,2026-09-08 00:44:57.424112,5623.1330
2213,event-167,PUBLISHED,0,2026-09-08 00:44:51.800979,2026-09-08 00:44:57.425006,5624.0270
2214,event-168,PUBLISHED,0,2026-09-08 00:44:51.800979,2026-09-08 00:44:57.425813,5624.8340
2215,event-169,PUBLISHED,0,2026-09-08 00:44:51.800979,2026-09-08 00:44:57.426568,5625.5890
2216,event-170,PUBLISHED,0,2026-09-08 00:44:51.800979,2026-09-08 00:44:57.427306,5626.3270
2217,event-171,PUBLISHED,0,2026-09-08 00:44:51.800979,2026-09-08 00:44:57.428153,5627.1740
2218,event-172,PUBLISHED,0,2026-09-08 00:44:51.800979,2026-09-08 00:44:57.428808,5627.8290
2219,event-173,PUBLISHED,0,2026-09-08 00:44:51.800979,2026-09-08 00:44:57.430597,5629.6180
2220,event-174,PUBLISHED,0,2026-09-08 00:44:51.800979,2026-09-08 00:44:57.433066,5632.0870
2221,event-175,PUBLISHED,0,2026-09-08 00:44:51.800979,2026-09-08 00:44:57.433936,5632.9570
2222,event-176,PUBLISHED,0,2026-09-08 00:44:51.800979,2026-09-08 00:44:57.434661,5633.6820
2223,event-177,PUBLISHED,0,2026-09-08 00:44:51.800979,2026-09-08 00:44:57.435327,5634.3480
2224,event-178,PUBLISHED,0,2026-09-08 00:44:51.800979,2026-09-08 00:44:57.436692,5635.7130
2225,event-179,PUBLISHED,0,2026-09-08 00:44:51.800979,2026-09-08 00:44:57.437640,5636.6610
2226,event-180,PUBLISHED,0,2026-09-08 00:44:51.800979,2026-09-08 00:44:57.439785,5638.8060
2227,event-181,PUBLISHED,0,2026-09-08 00:44:51.800979,2026-09-08 00:44:57.440943,5639.9640
2228,event-182,PUBLISHED,0,2026-09-08 00:44:51.800979,2026-09-08 00:44:57.441600,5640.6210
2229,event-183,PUBLISHED,0,2026-09-08 00:44:51.800979,2026-09-08 00:44:57.442475,5641.4960
2230,event-184,PUBLISHED,0,2026-09-08 00:44:51.800979,2026-09-08 00:44:57.443170,5642.1910
2231,event-185,PUBLISHED,0,2026-09-08 00:44:51.800979,2026-09-08 00:44:57.443861,5642.8820
2232,event-186,PUBLISHED,0,2026-09-08 00:44:51.800979,2026-09-08 00:44:57.444468,5643.4890
2233,event-187,PUBLISHED,0,2026-09-08 00:44:51.800979,2026-09-08 00:44:57.445045,5644.0660
2234,event-188,PUBLISHED,0,2026-09-08 00:44:51.800979,2026-09-08 00:44:57.445570,5644.5910
2235,event-189,PUBLISHED,0,2026-09-08 00:44:51.800979,2026-09-08 00:44:57.446270,5645.2910
2236,event-190,PUBLISHED,0,2026-09-08 00:44:51.800979,2026-09-08 00:44:57.447287,5646.3080
2237,event-191,PUBLISHED,0,2026-09-08 00:44:51.800979,2026-09-08 00:44:57.448316,5647.3370
2238,event-192,PUBLISHED,0,2026-09-08 00:44:51.800979,2026-09-08 00:44:57.449227,5648.2480
2239,event-193,PUBLISHED,0,2026-09-08 00:44:51.800979,2026-09-08 00:44:57.450024,5649.0450
2240,event-194,PUBLISHED,0,2026-09-08 00:44:51.800979,2026-09-08 00:44:57.450677,5649.6980
2241,event-195,PUBLISHED,0,2026-09-08 00:44:51.800979,2026-09-08 00:44:57.451367,5650.3880
2242,event-196,PUBLISHED,0,2026-09-08 00:44:51.800979,2026-09-08 00:44:57.452047,5651.0680
2243,event-197,PUBLISHED,0,2026-09-08 00:44:51.800979,2026-09-08 00:44:57.452716,5651.7370
2244,event-198,PUBLISHED,0,2026-09-08 00:44:51.800979,2026-09-08 00:44:57.453553,5652.5740
2245,event-199,PUBLISHED,0,2026-09-08 00:44:51.800979,2026-09-08 00:44:57.455746,5654.7670
2246,event-200,PUBLISHED,0,2026-09-08 00:44:51.800979,2026-09-08 00:44:57.456585,5655.6060
2247,event-201,PUBLISHED,0,2026-09-08 00:44:51.800979,2026-09-08 00:45:00.642602,8841.6230
2248,event-202,PUBLISHED,0,2026-09-08 00:44:51.800979,2026-09-08 00:45:00.644781,8843.8020
2249,event-203,PUBLISHED,0,2026-09-08 00:44:51.800979,2026-09-08 00:45:00.646528,8845.5490
2250,event-204,PUBLISHED,0,2026-09-08 00:44:51.800979,2026-09-08 00:45:00.648928,8847.9490
2251,event-205,PUBLISHED,0,2026-09-08 00:44:51.800979,2026-09-08 00:45:00.650563,8849.5840
2252,event-206,PUBLISHED,0,2026-09-08 00:44:51.800979,2026-09-08 00:45:00.652725,8851.7460
2253,event-207,PUBLISHED,0,2026-09-08 00:44:51.800979,2026-09-08 00:45:00.653587,8852.6080
2254,event-208,PUBLISHED,0,2026-09-08 00:44:51.800979,2026-09-08 00:45:00.654545,8853.5660
2255,event-209,PUBLISHED,0,2026-09-08 00:44:51.800979,2026-09-08 00:45:00.655507,8854.5280
2256,event-210,PUBLISHED,0,2026-09-08 00:44:51.800979,2026-09-08 00:45:00.656603,8855.6240
2257,event-211,PUBLISHED,0,2026-09-08 00:44:51.800979,2026-09-08 00:45:00.659202,8858.2230
2258,event-212,PUBLISHED,0,2026-09-08 00:44:51.800979,2026-09-08 00:45:00.661451,8860.4720
2259,event-213,PUBLISHED,0,2026-09-08 00:44:51.800979,2026-09-08 00:45:00.662249,8861.2700
2260,event-214,PUBLISHED,0,2026-09-08 00:44:51.800979,2026-09-08 00:45:00.662829,8861.8500
2261,event-215,PUBLISHED,0,2026-09-08 00:44:51.800979,2026-09-08 00:45:00.664542,8863.5630
2262,event-216,PUBLISHED,0,2026-09-08 00:44:51.800979,2026-09-08 00:45:00.665585,8864.6060
2263,event-217,PUBLISHED,0,2026-09-08 00:44:51.800979,2026-09-08 00:45:00.666331,8865.3520
2264,event-218,PUBLISHED,0,2026-09-08 00:44:51.800979,2026-09-08 00:45:00.680768,8879.7890
2265,event-219,PUBLISHED,0,2026-09-08 00:44:51.800979,2026-09-08 00:45:00.690843,8889.8640
2266,event-220,PUBLISHED,0,2026-09-08 00:44:51.800979,2026-09-08 00:45:00.692412,8891.4330
2267,event-221,PUBLISHED,0,2026-09-08 00:44:51.800979,2026-09-08 00:45:00.693338,8892.3590
2268,event-222,PUBLISHED,0,2026-09-08 00:44:51.800979,2026-09-08 00:45:00.694058,8893.0790
2269,event-223,PUBLISHED,0,2026-09-08 00:44:51.800979,2026-09-08 00:45:00.695911,8894.9320
2270,event-224,PUBLISHED,0,2026-09-08 00:44:51.800979,2026-09-08 00:45:00.696794,8895.8150
2271,event-225,PUBLISHED,0,2026-09-08 00:44:51.800979,2026-09-08 00:45:00.698741,8897.7620
2272,event-226,PUBLISHED,0,2026-09-08 00:44:51.800979,2026-09-08 00:45:00.700837,8899.8580
2273,event-227,PUBLISHED,0,2026-09-08 00:44:51.800979,2026-09-08 00:45:00.701847,8900.8680
2274,event-228,PUBLISHED,0,2026-09-08 00:44:51.800979,2026-09-08 00:45:00.702638,8901.6590
2275,event-229,PUBLISHED,0,2026-09-08 00:44:51.800979,2026-09-08 00:45:00.703675,8902.6960
2276,event-230,PUBLISHED,0,2026-09-08 00:44:51.800979,2026-09-08 00:45:00.704504,8903.5250
2277,event-231,PUBLISHED,0,2026-09-08 00:44:51.800979,2026-09-08 00:45:00.706058,8905.0790
2278,event-232,PUBLISHED,0,2026-09-08 00:44:51.800979,2026-09-08 00:45:00.707342,8906.3630
2279,event-233,PUBLISHED,0,2026-09-08 00:44:51.800979,2026-09-08 00:45:00.708107,8907.1280
2280,event-234,PUBLISHED,0,2026-09-08 00:44:51.800979,2026-09-08 00:45:00.708671,8907.6920
2281,event-235,PUBLISHED,0,2026-09-08 00:44:51.800979,2026-09-08 00:45:00.709317,8908.3380
2282,event-236,PUBLISHED,0,2026-09-08 00:44:51.800979,2026-09-08 00:45:00.710437,8909.4580
2283,event-237,PUBLISHED,0,2026-09-08 00:44:51.800979,2026-09-08 00:45:00.710967,8909.9880
2284,event-238,PUBLISHED,0,2026-09-08 00:44:51.800979,2026-09-08 00:45:00.712453,8911.4740
2285,event-239,PUBLISHED,0,2026-09-08 00:44:51.800979,2026-09-08 00:45:00.713076,8912.0970
2286,event-240,PUBLISHED,0,2026-09-08 00:44:51.800979,2026-09-08 00:45:00.713944,8912.9650
2287,event-241,PUBLISHED,0,2026-09-08 00:44:51.800979,2026-09-08 00:45:00.714859,8913.8800
2288,event-242,PUBLISHED,0,2026-09-08 00:44:51.800979,2026-09-08 00:45:00.715439,8914.4600
2289,event-243,PUBLISHED,0,2026-09-08 00:44:51.800979,2026-09-08 00:45:00.716010,8915.0310
2290,event-244,PUBLISHED,0,2026-09-08 00:44:51.800979,2026-09-08 00:45:00.716666,8915.6870
2291,event-245,PUBLISHED,0,2026-09-08 00:44:51.800979,2026-09-08 00:45:00.717399,8916.4200
2292,event-246,PUBLISHED,0,2026-09-08 00:44:51.800979,2026-09-08 00:45:00.718145,8917.1660
2293,event-247,PUBLISHED,0,2026-09-08 00:44:51.800979,2026-09-08 00:45:00.718868,8917.8890
2294,event-248,PUBLISHED,0,2026-09-08 00:44:51.800979,2026-09-08 00:45:00.719552,8918.5730
2295,event-249,PUBLISHED,0,2026-09-08 00:44:51.800979,2026-09-08 00:45:00.720208,8919.2290
2296,event-250,PUBLISHED,0,2026-09-08 00:44:51.800979,2026-09-08 00:45:00.720879,8919.9000
2297,event-251,PUBLISHED,0,2026-09-08 00:44:51.800979,2026-09-08 00:45:00.721551,8920.5720
2298,event-252,PUBLISHED,0,2026-09-08 00:44:51.800979,2026-09-08 00:45:00.722271,8921.2920
2299,event-253,PUBLISHED,0,2026-09-08 00:44:51.800979,2026-09-08 00:45:00.723399,8922.4200
2300,event-254,PUBLISHED,0,2026-09-08 00:44:51.800979,2026-09-08 00:45:00.724287,8923.3080
2301,event-255,PUBLISHED,0,2026-09-08 00:44:51.800979,2026-09-08 00:45:00.725048,8924.0690
2302,event-256,PUBLISHED,0,2026-09-08 00:44:51.800979,2026-09-08 00:45:00.725917,8924.9380
2303,event-257,PUBLISHED,0,2026-09-08 00:44:51.800979,2026-09-08 00:45:00.726568,8925.5890
2304,event-258,PUBLISHED,0,2026-09-08 00:44:51.800979,2026-09-08 00:45:00.727121,8926.1420
2305,event-259,PUBLISHED,0,2026-09-08 00:44:51.800979,2026-09-08 00:45:00.727667,8926.6880
2306,event-260,PUBLISHED,0,2026-09-08 00:44:51.800979,2026-09-08 00:45:00.728255,8927.2760
2307,event-261,PUBLISHED,0,2026-09-08 00:44:51.800979,2026-09-08 00:45:00.728930,8927.9510
2308,event-262,PUBLISHED,0,2026-09-08 00:44:51.800979,2026-09-08 00:45:00.729486,8928.5070
2309,event-263,PUBLISHED,0,2026-09-08 00:44:51.800979,2026-09-08 00:45:00.730128,8929.1490
2310,event-264,PUBLISHED,0,2026-09-08 00:44:51.800979,2026-09-08 00:45:00.731006,8930.0270
2311,event-265,PUBLISHED,0,2026-09-08 00:44:51.800979,2026-09-08 00:45:00.731849,8930.8700
2312,event-266,PUBLISHED,0,2026-09-08 00:44:51.800979,2026-09-08 00:45:00.732423,8931.4440
2313,event-267,PUBLISHED,0,2026-09-08 00:44:51.800979,2026-09-08 00:45:00.733030,8932.0510
2314,event-268,PUBLISHED,0,2026-09-08 00:44:51.800979,2026-09-08 00:45:00.736319,8935.3400
2315,event-269,PUBLISHED,0,2026-09-08 00:44:51.800979,2026-09-08 00:45:00.742948,8941.9690
2316,event-270,PUBLISHED,0,2026-09-08 00:44:51.800979,2026-09-08 00:45:00.745971,8944.9920
2317,event-271,PUBLISHED,0,2026-09-08 00:44:51.800979,2026-09-08 00:45:00.750054,8949.0750
2318,event-272,PUBLISHED,0,2026-09-08 00:44:51.800979,2026-09-08 00:45:00.750993,8950.0140
2319,event-273,PUBLISHED,0,2026-09-08 00:44:51.800979,2026-09-08 00:45:00.751757,8950.7780
2320,event-274,PUBLISHED,0,2026-09-08 00:44:51.800979,2026-09-08 00:45:00.752871,8951.8920
2321,event-275,PUBLISHED,0,2026-09-08 00:44:51.800979,2026-09-08 00:45:00.757592,8956.6130
2322,event-276,PUBLISHED,0,2026-09-08 00:44:51.800979,2026-09-08 00:45:00.758614,8957.6350
2323,event-277,PUBLISHED,0,2026-09-08 00:44:51.800979,2026-09-08 00:45:00.759369,8958.3900
2324,event-278,PUBLISHED,0,2026-09-08 00:44:51.800979,2026-09-08 00:45:00.760321,8959.3420
2325,event-279,PUBLISHED,0,2026-09-08 00:44:51.800979,2026-09-08 00:45:00.762871,8961.8920
2326,event-280,PUBLISHED,0,2026-09-08 00:44:51.800979,2026-09-08 00:45:00.764154,8963.1750
2327,event-281,PUBLISHED,0,2026-09-08 00:44:51.800979,2026-09-08 00:45:00.765097,8964.1180
2328,event-282,PUBLISHED,0,2026-09-08 00:44:51.800979,2026-09-08 00:45:00.765830,8964.8510
2329,event-283,PUBLISHED,0,2026-09-08 00:44:51.800979,2026-09-08 00:45:00.766568,8965.5890
2330,event-284,PUBLISHED,0,2026-09-08 00:44:51.800979,2026-09-08 00:45:00.767524,8966.5450
2331,event-285,PUBLISHED,0,2026-09-08 00:44:51.800979,2026-09-08 00:45:00.768371,8967.3920
2332,event-286,PUBLISHED,0,2026-09-08 00:44:51.800979,2026-09-08 00:45:00.769149,8968.1700
2333,event-287,PUBLISHED,0,2026-09-08 00:44:51.800979,2026-09-08 00:45:00.770040,8969.0610
2334,event-288,PUBLISHED,0,2026-09-08 00:44:51.800979,2026-09-08 00:45:00.770726,8969.7470
2335,event-289,PUBLISHED,0,2026-09-08 00:44:51.800979,2026-09-08 00:45:00.771494,8970.5150
2336,event-290,PUBLISHED,0,2026-09-08 00:44:51.800979,2026-09-08 00:45:00.772297,8971.3180
2337,event-291,PUBLISHED,0,2026-09-08 00:44:51.800979,2026-09-08 00:45:00.773059,8972.0800
2338,event-292,PUBLISHED,0,2026-09-08 00:44:51.800979,2026-09-08 00:45:00.773935,8972.9560
2339,event-293,PUBLISHED,0,2026-09-08 00:44:51.800979,2026-09-08 00:45:00.774915,8973.9360
2340,event-294,PUBLISHED,0,2026-09-08 00:44:51.800979,2026-09-08 00:45:00.775781,8974.8020
2341,event-295,PUBLISHED,0,2026-09-08 00:44:51.800979,2026-09-08 00:45:00.776502,8975.5230
2342,event-296,PUBLISHED,0,2026-09-08 00:44:51.800979,2026-09-08 00:45:00.777166,8976.1870
2343,event-297,PUBLISHED,0,2026-09-08 00:44:51.800979,2026-09-08 00:45:00.777751,8976.7720
2344,event-298,PUBLISHED,0,2026-09-08 00:44:51.800979,2026-09-08 00:45:00.778441,8977.4620
2345,event-299,PUBLISHED,0,2026-09-08 00:44:51.800979,2026-09-08 00:45:00.779190,8978.2110
2346,event-300,PUBLISHED,0,2026-09-08 00:44:51.800979,2026-09-08 00:45:00.779847,8978.8680
2347,event-301,PUBLISHED,0,2026-09-08 00:44:51.800979,2026-09-08 00:45:03.926445,12125.4660
2348,event-302,PUBLISHED,0,2026-09-08 00:44:51.800979,2026-09-08 00:45:03.927567,12126.5880
2349,event-303,PUBLISHED,0,2026-09-08 00:44:51.800979,2026-09-08 00:45:03.928253,12127.2740
2350,event-304,PUBLISHED,0,2026-09-08 00:44:51.800979,2026-09-08 00:45:03.928826,12127.8470
2351,event-305,PUBLISHED,0,2026-09-08 00:44:51.800979,2026-09-08 00:45:03.929581,12128.6020
2352,event-306,PUBLISHED,0,2026-09-08 00:44:51.800979,2026-09-08 00:45:03.930458,12129.4790
2353,event-307,PUBLISHED,0,2026-09-08 00:44:51.800979,2026-09-08 00:45:03.931176,12130.1970
2354,event-308,PUBLISHED,0,2026-09-08 00:44:51.800979,2026-09-08 00:45:03.931721,12130.7420
2355,event-309,PUBLISHED,0,2026-09-08 00:44:51.800979,2026-09-08 00:45:03.932220,12131.2410
2356,event-310,PUBLISHED,0,2026-09-08 00:44:51.800979,2026-09-08 00:45:03.932741,12131.7620
2357,event-311,PUBLISHED,0,2026-09-08 00:44:51.800979,2026-09-08 00:45:03.933583,12132.6040
2358,event-312,PUBLISHED,0,2026-09-08 00:44:51.800979,2026-09-08 00:45:03.934423,12133.4440
2359,event-313,PUBLISHED,0,2026-09-08 00:44:51.800979,2026-09-08 00:45:03.935170,12134.1910
2360,event-314,PUBLISHED,0,2026-09-08 00:44:51.800979,2026-09-08 00:45:03.936013,12135.0340
2361,event-315,PUBLISHED,0,2026-09-08 00:44:51.800979,2026-09-08 00:45:03.936704,12135.7250
2362,event-316,PUBLISHED,0,2026-09-08 00:44:51.800979,2026-09-08 00:45:03.937483,12136.5040
2363,event-317,PUBLISHED,0,2026-09-08 00:44:51.800979,2026-09-08 00:45:03.938286,12137.3070
2364,event-318,PUBLISHED,0,2026-09-08 00:44:51.800979,2026-09-08 00:45:03.939117,12138.1380
2365,event-319,PUBLISHED,0,2026-09-08 00:44:51.800979,2026-09-08 00:45:03.939980,12139.0010
2366,event-320,PUBLISHED,0,2026-09-08 00:44:51.800979,2026-09-08 00:45:03.940772,12139.7930
2367,event-321,PUBLISHED,0,2026-09-08 00:44:51.800979,2026-09-08 00:45:03.941656,12140.6770
2368,event-322,PUBLISHED,0,2026-09-08 00:44:51.800979,2026-09-08 00:45:03.942593,12141.6140
2369,event-323,PUBLISHED,0,2026-09-08 00:44:51.800979,2026-09-08 00:45:03.943275,12142.2960
2370,event-324,PUBLISHED,0,2026-09-08 00:44:51.800979,2026-09-08 00:45:03.943875,12142.8960
2371,event-325,PUBLISHED,0,2026-09-08 00:44:51.800979,2026-09-08 00:45:03.944415,12143.4360
2372,event-326,PUBLISHED,0,2026-09-08 00:44:51.800979,2026-09-08 00:45:03.944978,12143.9990
2373,event-327,PUBLISHED,0,2026-09-08 00:44:51.800979,2026-09-08 00:45:03.947502,12146.5230
2374,event-328,PUBLISHED,0,2026-09-08 00:44:51.800979,2026-09-08 00:45:03.948589,12147.6100
2375,event-329,PUBLISHED,0,2026-09-08 00:44:51.800979,2026-09-08 00:45:03.949478,12148.4990
2376,event-330,PUBLISHED,0,2026-09-08 00:44:51.800979,2026-09-08 00:45:03.950062,12149.0830
2377,event-331,PUBLISHED,0,2026-09-08 00:44:51.800979,2026-09-08 00:45:03.950669,12149.6900
2378,event-332,PUBLISHED,0,2026-09-08 00:44:51.800979,2026-09-08 00:45:03.951380,12150.4010
2379,event-333,PUBLISHED,0,2026-09-08 00:44:51.800979,2026-09-08 00:45:03.952198,12151.2190
2380,event-334,PUBLISHED,0,2026-09-08 00:44:51.800979,2026-09-08 00:45:03.952906,12151.9270
2381,event-335,PUBLISHED,0,2026-09-08 00:44:51.800979,2026-09-08 00:45:03.953628,12152.6490
2382,event-336,PUBLISHED,0,2026-09-08 00:44:51.800979,2026-09-08 00:45:03.954272,12153.2930
2383,event-337,PUBLISHED,0,2026-09-08 00:44:51.800979,2026-09-08 00:45:03.954924,12153.9450
2384,event-338,PUBLISHED,0,2026-09-08 00:44:51.800979,2026-09-08 00:45:03.955867,12154.8880
2385,event-339,PUBLISHED,0,2026-09-08 00:44:51.800979,2026-09-08 00:45:03.956884,12155.9050
2386,event-340,PUBLISHED,0,2026-09-08 00:44:51.800979,2026-09-08 00:45:03.957741,12156.7620
2387,event-341,PUBLISHED,0,2026-09-08 00:44:51.800979,2026-09-08 00:45:03.958352,12157.3730
2388,event-342,PUBLISHED,0,2026-09-08 00:44:51.800979,2026-09-08 00:45:03.958933,12157.9540
2389,event-343,PUBLISHED,0,2026-09-08 00:44:51.800979,2026-09-08 00:45:03.959542,12158.5630
2390,event-344,PUBLISHED,0,2026-09-08 00:44:51.800979,2026-09-08 00:45:03.960250,12159.2710
2391,event-345,PUBLISHED,0,2026-09-08 00:44:51.800979,2026-09-08 00:45:03.961008,12160.0290
2392,event-346,PUBLISHED,0,2026-09-08 00:44:51.800979,2026-09-08 00:45:03.961641,12160.6620
2393,event-347,PUBLISHED,0,2026-09-08 00:44:51.800979,2026-09-08 00:45:03.962192,12161.2130
2394,event-348,PUBLISHED,0,2026-09-08 00:44:51.800979,2026-09-08 00:45:03.962703,12161.7240
2395,event-349,PUBLISHED,0,2026-09-08 00:44:51.800979,2026-09-08 00:45:03.963608,12162.6290
2396,event-350,PUBLISHED,0,2026-09-08 00:44:51.800979,2026-09-08 00:45:03.964523,12163.5440
2397,event-351,PUBLISHED,0,2026-09-08 00:44:51.800979,2026-09-08 00:45:03.965242,12164.2630
2398,event-352,PUBLISHED,0,2026-09-08 00:44:51.800979,2026-09-08 00:45:03.965823,12164.8440
2399,event-353,PUBLISHED,0,2026-09-08 00:44:51.800979,2026-09-08 00:45:03.966405,12165.4260
2400,event-354,PUBLISHED,0,2026-09-08 00:44:51.800979,2026-09-08 00:45:03.966935,12165.9560
2401,event-355,PUBLISHED,0,2026-09-08 00:44:51.800979,2026-09-08 00:45:03.967560,12166.5810
2402,event-356,PUBLISHED,0,2026-09-08 00:44:51.800979,2026-09-08 00:45:03.968273,12167.2940
2403,event-357,PUBLISHED,0,2026-09-08 00:44:51.800979,2026-09-08 00:45:03.968889,12167.9100
2404,event-358,PUBLISHED,0,2026-09-08 00:44:51.800979,2026-09-08 00:45:03.969602,12168.6230
2405,event-359,PUBLISHED,0,2026-09-08 00:44:51.800979,2026-09-08 00:45:03.970307,12169.3280
2406,event-360,PUBLISHED,0,2026-09-08 00:44:51.800979,2026-09-08 00:45:03.970971,12169.9920
2407,event-361,PUBLISHED,0,2026-09-08 00:44:51.800979,2026-09-08 00:45:03.971998,12171.0190
2408,event-362,PUBLISHED,0,2026-09-08 00:44:51.800979,2026-09-08 00:45:03.972761,12171.7820
2409,event-363,PUBLISHED,0,2026-09-08 00:44:51.800979,2026-09-08 00:45:03.973711,12172.7320
2410,event-364,PUBLISHED,0,2026-09-08 00:44:51.800979,2026-09-08 00:45:03.974402,12173.4230
2411,event-365,PUBLISHED,0,2026-09-08 00:44:51.800979,2026-09-08 00:45:03.975046,12174.0670
2412,event-366,PUBLISHED,0,2026-09-08 00:44:51.800979,2026-09-08 00:45:03.975745,12174.7660
2413,event-367,PUBLISHED,0,2026-09-08 00:44:51.800979,2026-09-08 00:45:03.976523,12175.5440
2414,event-368,PUBLISHED,0,2026-09-08 00:44:51.800979,2026-09-08 00:45:03.977923,12176.9440
2415,event-369,PUBLISHED,0,2026-09-08 00:44:51.800979,2026-09-08 00:45:03.979968,12178.9890
2416,event-370,PUBLISHED,0,2026-09-08 00:44:51.800979,2026-09-08 00:45:03.981140,12180.1610
2417,event-371,PUBLISHED,0,2026-09-08 00:44:51.800979,2026-09-08 00:45:03.981940,12180.9610
2418,event-372,PUBLISHED,0,2026-09-08 00:44:51.800979,2026-09-08 00:45:03.982688,12181.7090
2419,event-373,PUBLISHED,0,2026-09-08 00:44:51.800979,2026-09-08 00:45:03.983608,12182.6290
2420,event-374,PUBLISHED,0,2026-09-08 00:44:51.800979,2026-09-08 00:45:03.984496,12183.5170
2421,event-375,PUBLISHED,0,2026-09-08 00:44:51.800979,2026-09-08 00:45:03.985314,12184.3350
2422,event-376,PUBLISHED,0,2026-09-08 00:44:51.800979,2026-09-08 00:45:03.986003,12185.0240
2423,event-377,PUBLISHED,0,2026-09-08 00:44:51.800979,2026-09-08 00:45:03.986732,12185.7530
2424,event-378,PUBLISHED,0,2026-09-08 00:44:51.800979,2026-09-08 00:45:03.987405,12186.4260
2425,event-379,PUBLISHED,0,2026-09-08 00:44:51.800979,2026-09-08 00:45:03.988028,12187.0490
2426,event-380,PUBLISHED,0,2026-09-08 00:44:51.800979,2026-09-08 00:45:03.988907,12187.9280
2427,event-381,PUBLISHED,0,2026-09-08 00:44:51.800979,2026-09-08 00:45:03.989981,12189.0020
2428,event-382,PUBLISHED,0,2026-09-08 00:44:51.800979,2026-09-08 00:45:03.990804,12189.8250
2429,event-383,PUBLISHED,0,2026-09-08 00:44:51.800979,2026-09-08 00:45:03.991897,12190.9180
2430,event-384,PUBLISHED,0,2026-09-08 00:44:51.800979,2026-09-08 00:45:03.992911,12191.9320
2431,event-385,PUBLISHED,0,2026-09-08 00:44:51.800979,2026-09-08 00:45:03.993534,12192.5550
2432,event-386,PUBLISHED,0,2026-09-08 00:44:51.800979,2026-09-08 00:45:03.994081,12193.1020
2433,event-387,PUBLISHED,0,2026-09-08 00:44:51.800979,2026-09-08 00:45:03.994617,12193.6380
2434,event-388,PUBLISHED,0,2026-09-08 00:44:51.800979,2026-09-08 00:45:04.008445,12207.4660
2435,event-389,PUBLISHED,0,2026-09-08 00:44:51.800979,2026-09-08 00:45:04.010441,12209.4620
2436,event-390,PUBLISHED,0,2026-09-08 00:44:51.800979,2026-09-08 00:45:04.011390,12210.4110
2437,event-391,PUBLISHED,0,2026-09-08 00:44:51.800979,2026-09-08 00:45:04.012028,12211.0490
2438,event-392,PUBLISHED,0,2026-09-08 00:44:51.800979,2026-09-08 00:45:04.012592,12211.6130
2439,event-393,PUBLISHED,0,2026-09-08 00:44:51.800979,2026-09-08 00:45:04.013612,12212.6330
2440,event-394,PUBLISHED,0,2026-09-08 00:44:51.800979,2026-09-08 00:45:04.014388,12213.4090
2441,event-395,PUBLISHED,0,2026-09-08 00:44:51.800979,2026-09-08 00:45:04.015206,12214.2270
2442,event-396,PUBLISHED,0,2026-09-08 00:44:51.800979,2026-09-08 00:45:04.015840,12214.8610
2443,event-397,PUBLISHED,0,2026-09-08 00:44:51.800979,2026-09-08 00:45:04.016553,12215.5740
2444,event-398,PUBLISHED,0,2026-09-08 00:44:51.800979,2026-09-08 00:45:04.017143,12216.1640
2445,event-399,PUBLISHED,0,2026-09-08 00:44:51.800979,2026-09-08 00:45:04.017932,12216.9530
2446,event-400,PUBLISHED,0,2026-09-08 00:44:51.800979,2026-09-08 00:45:04.018697,12217.7180
2447,event-401,PUBLISHED,0,2026-09-08 00:44:51.800979,2026-09-08 00:45:07.174692,15373.7130
2448,event-402,PUBLISHED,0,2026-09-08 00:44:51.800979,2026-09-08 00:45:07.176019,15375.0400
2449,event-403,PUBLISHED,0,2026-09-08 00:44:51.800979,2026-09-08 00:45:07.176878,15375.8990
2450,event-404,PUBLISHED,0,2026-09-08 00:44:51.800979,2026-09-08 00:45:07.177600,15376.6210
2451,event-405,PUBLISHED,0,2026-09-08 00:44:51.800979,2026-09-08 00:45:07.178278,15377.2990
2452,event-406,PUBLISHED,0,2026-09-08 00:44:51.800979,2026-09-08 00:45:07.179140,15378.1610
2453,event-407,PUBLISHED,0,2026-09-08 00:44:51.800979,2026-09-08 00:45:07.180039,15379.0600
2454,event-408,PUBLISHED,0,2026-09-08 00:44:51.800979,2026-09-08 00:45:07.181622,15380.6430
2455,event-409,PUBLISHED,0,2026-09-08 00:44:51.800979,2026-09-08 00:45:07.182779,15381.8000
2456,event-410,PUBLISHED,0,2026-09-08 00:44:51.800979,2026-09-08 00:45:07.183682,15382.7030
2457,event-411,PUBLISHED,0,2026-09-08 00:44:51.800979,2026-09-08 00:45:07.184554,15383.5750
2458,event-412,PUBLISHED,0,2026-09-08 00:44:51.800979,2026-09-08 00:45:07.185453,15384.4740
2459,event-413,PUBLISHED,0,2026-09-08 00:44:51.800979,2026-09-08 00:45:07.186140,15385.1610
2460,event-414,PUBLISHED,0,2026-09-08 00:44:51.800979,2026-09-08 00:45:07.186899,15385.9200
2461,event-415,PUBLISHED,0,2026-09-08 00:44:51.800979,2026-09-08 00:45:07.187785,15386.8060
2462,event-416,PUBLISHED,0,2026-09-08 00:44:51.800979,2026-09-08 00:45:07.191126,15390.1470
2463,event-417,PUBLISHED,0,2026-09-08 00:44:51.800979,2026-09-08 00:45:07.192443,15391.4640
2464,event-418,PUBLISHED,0,2026-09-08 00:44:51.800979,2026-09-08 00:45:07.193394,15392.4150
2465,event-419,PUBLISHED,0,2026-09-08 00:44:51.800979,2026-09-08 00:45:07.194028,15393.0490
2466,event-420,PUBLISHED,0,2026-09-08 00:44:51.800979,2026-09-08 00:45:07.194612,15393.6330
2467,event-421,PUBLISHED,0,2026-09-08 00:44:51.800979,2026-09-08 00:45:07.195204,15394.2250
2468,event-422,PUBLISHED,0,2026-09-08 00:44:51.800979,2026-09-08 00:45:07.195855,15394.8760
2469,event-423,PUBLISHED,0,2026-09-08 00:44:51.800979,2026-09-08 00:45:07.196859,15395.8800
2470,event-424,PUBLISHED,0,2026-09-08 00:44:51.800979,2026-09-08 00:45:07.197688,15396.7090
2471,event-425,PUBLISHED,0,2026-09-08 00:44:51.800979,2026-09-08 00:45:07.198326,15397.3470
2472,event-426,PUBLISHED,0,2026-09-08 00:44:51.800979,2026-09-08 00:45:07.198925,15397.9460
2473,event-427,PUBLISHED,0,2026-09-08 00:44:51.800979,2026-09-08 00:45:07.199470,15398.4910
2474,event-428,PUBLISHED,0,2026-09-08 00:44:51.800979,2026-09-08 00:45:07.200067,15399.0880
2475,event-429,PUBLISHED,0,2026-09-08 00:44:51.800979,2026-09-08 00:45:07.200721,15399.7420
2476,event-430,PUBLISHED,0,2026-09-08 00:44:51.800979,2026-09-08 00:45:07.201532,15400.5530
2477,event-431,PUBLISHED,0,2026-09-08 00:44:51.800979,2026-09-08 00:45:07.202416,15401.4370
2478,event-432,PUBLISHED,0,2026-09-08 00:44:51.800979,2026-09-08 00:45:07.203318,15402.3390
2479,event-433,PUBLISHED,0,2026-09-08 00:44:51.800979,2026-09-08 00:45:07.204003,15403.0240
2480,event-434,PUBLISHED,0,2026-09-08 00:44:51.800979,2026-09-08 00:45:07.205090,15404.1110
2481,event-435,PUBLISHED,0,2026-09-08 00:44:51.800979,2026-09-08 00:45:07.205967,15404.9880
2482,event-436,PUBLISHED,0,2026-09-08 00:44:51.800979,2026-09-08 00:45:07.206893,15405.9140
2483,event-437,PUBLISHED,0,2026-09-08 00:44:51.800979,2026-09-08 00:45:07.208769,15407.7900
2484,event-438,PUBLISHED,0,2026-09-08 00:44:51.800979,2026-09-08 00:45:07.209538,15408.5590
2485,event-439,PUBLISHED,0,2026-09-08 00:44:51.800979,2026-09-08 00:45:07.210287,15409.3080
2486,event-440,PUBLISHED,0,2026-09-08 00:44:51.800979,2026-09-08 00:45:07.211005,15410.0260
2487,event-441,PUBLISHED,0,2026-09-08 00:44:51.800979,2026-09-08 00:45:07.211687,15410.7080
2488,event-442,PUBLISHED,0,2026-09-08 00:44:51.800979,2026-09-08 00:45:07.212505,15411.5260
2489,event-443,PUBLISHED,0,2026-09-08 00:44:51.800979,2026-09-08 00:45:07.213257,15412.2780
2490,event-444,PUBLISHED,0,2026-09-08 00:44:51.800979,2026-09-08 00:45:07.214620,15413.6410
2491,event-445,PUBLISHED,0,2026-09-08 00:44:51.800979,2026-09-08 00:45:07.215562,15414.5830
2492,event-446,PUBLISHED,0,2026-09-08 00:44:51.800979,2026-09-08 00:45:07.216217,15415.2380
2493,event-447,PUBLISHED,0,2026-09-08 00:44:51.800979,2026-09-08 00:45:07.216785,15415.8060
2494,event-448,PUBLISHED,0,2026-09-08 00:44:51.800979,2026-09-08 00:45:07.217424,15416.4450
2495,event-449,PUBLISHED,0,2026-09-08 00:44:51.800979,2026-09-08 00:45:07.218134,15417.1550
2496,event-450,PUBLISHED,0,2026-09-08 00:44:51.800979,2026-09-08 00:45:07.218884,15417.9050
2497,event-451,PUBLISHED,0,2026-09-08 00:44:51.800979,2026-09-08 00:45:07.219535,15418.5560
2498,event-452,PUBLISHED,0,2026-09-08 00:44:51.800979,2026-09-08 00:45:07.220414,15419.4350
2499,event-453,PUBLISHED,0,2026-09-08 00:44:51.800979,2026-09-08 00:45:07.221669,15420.6900
2500,event-454,PUBLISHED,0,2026-09-08 00:44:51.800979,2026-09-08 00:45:07.223457,15422.4780
2501,event-455,PUBLISHED,0,2026-09-08 00:44:51.800979,2026-09-08 00:45:07.224459,15423.4800
2502,event-456,PUBLISHED,0,2026-09-08 00:44:51.800979,2026-09-08 00:45:07.225250,15424.2710
2503,event-457,PUBLISHED,0,2026-09-08 00:44:51.800979,2026-09-08 00:45:07.225939,15424.9600
2504,event-458,PUBLISHED,0,2026-09-08 00:44:51.800979,2026-09-08 00:45:07.226991,15426.0120
2505,event-459,PUBLISHED,0,2026-09-08 00:44:51.800979,2026-09-08 00:45:07.227607,15426.6280
2506,event-460,PUBLISHED,0,2026-09-08 00:44:51.800979,2026-09-08 00:45:07.228132,15427.1530
2507,event-461,PUBLISHED,0,2026-09-08 00:44:51.800979,2026-09-08 00:45:07.228737,15427.7580
2508,event-462,PUBLISHED,0,2026-09-08 00:44:51.800979,2026-09-08 00:45:07.229329,15428.3500
2509,event-463,PUBLISHED,0,2026-09-08 00:44:51.800979,2026-09-08 00:45:07.230176,15429.1970
2510,event-464,PUBLISHED,0,2026-09-08 00:44:51.800979,2026-09-08 00:45:07.230828,15429.8490
2511,event-465,PUBLISHED,0,2026-09-08 00:44:51.800979,2026-09-08 00:45:07.231331,15430.3520
2512,event-466,PUBLISHED,0,2026-09-08 00:44:51.800979,2026-09-08 00:45:07.232200,15431.2210
2513,event-467,PUBLISHED,0,2026-09-08 00:44:51.800979,2026-09-08 00:45:07.233039,15432.0600
2514,event-468,PUBLISHED,0,2026-09-08 00:44:51.800979,2026-09-08 00:45:07.233659,15432.6800
2515,event-469,PUBLISHED,0,2026-09-08 00:44:51.800979,2026-09-08 00:45:07.234291,15433.3120
2516,event-470,PUBLISHED,0,2026-09-08 00:44:51.800979,2026-09-08 00:45:07.235064,15434.0850
2517,event-471,PUBLISHED,0,2026-09-08 00:44:51.800979,2026-09-08 00:45:07.235737,15434.7580
2518,event-472,PUBLISHED,0,2026-09-08 00:44:51.800979,2026-09-08 00:45:07.236497,15435.5180
2519,event-473,PUBLISHED,0,2026-09-08 00:44:51.800979,2026-09-08 00:45:07.237265,15436.2860
2520,event-474,PUBLISHED,0,2026-09-08 00:44:51.800979,2026-09-08 00:45:07.238175,15437.1960
2521,event-475,PUBLISHED,0,2026-09-08 00:44:51.800979,2026-09-08 00:45:07.238961,15437.9820
2522,event-476,PUBLISHED,0,2026-09-08 00:44:51.800979,2026-09-08 00:45:07.239803,15438.8240
2523,event-477,PUBLISHED,0,2026-09-08 00:44:51.800979,2026-09-08 00:45:07.240547,15439.5680
2524,event-478,PUBLISHED,0,2026-09-08 00:44:51.800979,2026-09-08 00:45:07.241233,15440.2540
2525,event-479,PUBLISHED,0,2026-09-08 00:44:51.800979,2026-09-08 00:45:07.242053,15441.0740
2526,event-480,PUBLISHED,0,2026-09-08 00:44:51.800979,2026-09-08 00:45:07.242759,15441.7800
2527,event-481,PUBLISHED,0,2026-09-08 00:44:51.800979,2026-09-08 00:45:07.243440,15442.4610
2528,event-482,PUBLISHED,0,2026-09-08 00:44:51.800979,2026-09-08 00:45:07.244178,15443.1990
2529,event-483,PUBLISHED,0,2026-09-08 00:44:51.800979,2026-09-08 00:45:07.244720,15443.7410
2530,event-484,PUBLISHED,0,2026-09-08 00:44:51.800979,2026-09-08 00:45:07.245457,15444.4780
2531,event-485,PUBLISHED,0,2026-09-08 00:44:51.800979,2026-09-08 00:45:07.246000,15445.0210
2532,event-486,PUBLISHED,0,2026-09-08 00:44:51.800979,2026-09-08 00:45:07.246817,15445.8380
2533,event-487,PUBLISHED,0,2026-09-08 00:44:51.800979,2026-09-08 00:45:07.247523,15446.5440
2534,event-488,PUBLISHED,0,2026-09-08 00:44:51.800979,2026-09-08 00:45:07.248034,15447.0550
2535,event-489,PUBLISHED,0,2026-09-08 00:44:51.800979,2026-09-08 00:45:07.248595,15447.6160
2536,event-490,PUBLISHED,0,2026-09-08 00:44:51.800979,2026-09-08 00:45:07.249123,15448.1440
2537,event-491,PUBLISHED,0,2026-09-08 00:44:51.800979,2026-09-08 00:45:07.249602,15448.6230
2538,event-492,PUBLISHED,0,2026-09-08 00:44:51.800979,2026-09-08 00:45:07.250224,15449.2450
2539,event-493,PUBLISHED,0,2026-09-08 00:44:51.800979,2026-09-08 00:45:07.250979,15450.0000
2540,event-494,PUBLISHED,0,2026-09-08 00:44:51.800979,2026-09-08 00:45:07.251776,15450.7970
2541,event-495,PUBLISHED,0,2026-09-08 00:44:51.800979,2026-09-08 00:45:07.252509,15451.5300
2542,event-496,PUBLISHED,0,2026-09-08 00:44:51.800979,2026-09-08 00:45:07.253290,15452.3110
2543,event-497,PUBLISHED,0,2026-09-08 00:44:51.800979,2026-09-08 00:45:07.253981,15453.0020
2544,event-498,PUBLISHED,0,2026-09-08 00:44:51.800979,2026-09-08 00:45:07.256000,15455.0210
2545,event-499,PUBLISHED,0,2026-09-08 00:44:51.800979,2026-09-08 00:45:07.259964,15458.9850
2546,event-500,PUBLISHED,0,2026-09-08 00:44:51.800979,2026-09-08 00:45:07.260806,15459.8270
2547,event-501,PUBLISHED,0,2026-09-08 00:44:51.800979,2026-09-08 00:45:10.409078,18608.0990
2548,event-502,PUBLISHED,0,2026-09-08 00:44:51.800979,2026-09-08 00:45:10.411755,18610.7760
2549,event-503,PUBLISHED,0,2026-09-08 00:44:51.800979,2026-09-08 00:45:10.412545,18611.5660
2550,event-504,PUBLISHED,0,2026-09-08 00:44:51.800979,2026-09-08 00:45:10.414832,18613.8530
2551,event-505,PUBLISHED,0,2026-09-08 00:44:51.800979,2026-09-08 00:45:10.418525,18617.5460
2552,event-506,PUBLISHED,0,2026-09-08 00:44:51.800979,2026-09-08 00:45:10.420848,18619.8690
2553,event-507,PUBLISHED,0,2026-09-08 00:44:51.800979,2026-09-08 00:45:10.422926,18621.9470
2554,event-508,PUBLISHED,0,2026-09-08 00:44:51.800979,2026-09-08 00:45:10.424738,18623.7590
2555,event-509,PUBLISHED,0,2026-09-08 00:44:51.800979,2026-09-08 00:45:10.426471,18625.4920
2556,event-510,PUBLISHED,0,2026-09-08 00:44:51.800979,2026-09-08 00:45:10.427305,18626.3260
2557,event-511,PUBLISHED,0,2026-09-08 00:44:51.800979,2026-09-08 00:45:10.428402,18627.4230
2558,event-512,PUBLISHED,0,2026-09-08 00:44:51.800979,2026-09-08 00:45:10.429427,18628.4480
2559,event-513,PUBLISHED,0,2026-09-08 00:44:51.800979,2026-09-08 00:45:10.432184,18631.2050
2560,event-514,PUBLISHED,0,2026-09-08 00:44:51.800979,2026-09-08 00:45:10.434409,18633.4300
2561,event-515,PUBLISHED,0,2026-09-08 00:44:51.800979,2026-09-08 00:45:10.437875,18636.8960
2562,event-516,PUBLISHED,0,2026-09-08 00:44:51.800979,2026-09-08 00:45:10.442265,18641.2860
2563,event-517,PUBLISHED,0,2026-09-08 00:44:51.800979,2026-09-08 00:45:10.444879,18643.9000
2564,event-518,PUBLISHED,0,2026-09-08 00:44:51.800979,2026-09-08 00:45:10.446430,18645.4510
2565,event-519,PUBLISHED,0,2026-09-08 00:44:51.800979,2026-09-08 00:45:10.449650,18648.6710
2566,event-520,PUBLISHED,0,2026-09-08 00:44:51.800979,2026-09-08 00:45:10.451228,18650.2490
2567,event-521,PUBLISHED,0,2026-09-08 00:44:51.800979,2026-09-08 00:45:10.460403,18659.4240
2568,event-522,PUBLISHED,0,2026-09-08 00:44:51.800979,2026-09-08 00:45:10.470311,18669.3320
2569,event-523,PUBLISHED,0,2026-09-08 00:44:51.800979,2026-09-08 00:45:10.486113,18685.1340
2570,event-524,PUBLISHED,0,2026-09-08 00:44:51.800979,2026-09-08 00:45:10.499326,18698.3470
2571,event-525,PUBLISHED,0,2026-09-08 00:44:51.800979,2026-09-08 00:45:10.511931,18710.9520
2572,event-526,PUBLISHED,0,2026-09-08 00:44:51.800979,2026-09-08 00:45:10.527181,18726.2020
2573,event-527,PUBLISHED,0,2026-09-08 00:44:51.800979,2026-09-08 00:45:10.536661,18735.6820
2574,event-528,PUBLISHED,0,2026-09-08 00:44:51.800979,2026-09-08 00:45:10.541620,18740.6410
2575,event-529,PUBLISHED,0,2026-09-08 00:44:51.800979,2026-09-08 00:45:10.558184,18757.2050
2576,event-530,PUBLISHED,0,2026-09-08 00:44:51.800979,2026-09-08 00:45:10.567454,18766.4750
2577,event-531,PUBLISHED,0,2026-09-08 00:44:51.800979,2026-09-08 00:45:10.572877,18771.8980
2578,event-532,PUBLISHED,0,2026-09-08 00:44:51.800979,2026-09-08 00:45:10.575094,18774.1150
2579,event-533,PUBLISHED,0,2026-09-08 00:44:51.800979,2026-09-08 00:45:10.576385,18775.4060
2580,event-534,PUBLISHED,0,2026-09-08 00:44:51.800979,2026-09-08 00:45:10.577805,18776.8260
2581,event-535,PUBLISHED,0,2026-09-08 00:44:51.800979,2026-09-08 00:45:10.579410,18778.4310
2582,event-536,PUBLISHED,0,2026-09-08 00:44:51.800979,2026-09-08 00:45:10.581728,18780.7490
2583,event-537,PUBLISHED,0,2026-09-08 00:44:51.800979,2026-09-08 00:45:10.585342,18784.3630
2584,event-538,PUBLISHED,0,2026-09-08 00:44:51.800979,2026-09-08 00:45:10.586472,18785.4930
2585,event-539,PUBLISHED,0,2026-09-08 00:44:51.800979,2026-09-08 00:45:10.587791,18786.8120
2586,event-540,PUBLISHED,0,2026-09-08 00:44:51.800979,2026-09-08 00:45:10.590962,18789.9830
2587,event-541,PUBLISHED,0,2026-09-08 00:44:51.800979,2026-09-08 00:45:10.593525,18792.5460
2588,event-542,PUBLISHED,0,2026-09-08 00:44:51.800979,2026-09-08 00:45:10.595611,18794.6320
2589,event-543,PUBLISHED,0,2026-09-08 00:44:51.800979,2026-09-08 00:45:10.596683,18795.7040
2590,event-544,PUBLISHED,0,2026-09-08 00:44:51.800979,2026-09-08 00:45:10.598411,18797.4320
2591,event-545,PUBLISHED,0,2026-09-08 00:44:51.800979,2026-09-08 00:45:10.599613,18798.6340
2592,event-546,PUBLISHED,0,2026-09-08 00:44:51.800979,2026-09-08 00:45:10.600552,18799.5730
2593,event-547,PUBLISHED,0,2026-09-08 00:44:51.800979,2026-09-08 00:45:10.602718,18801.7390
2594,event-548,PUBLISHED,0,2026-09-08 00:44:51.800979,2026-09-08 00:45:10.608218,18807.2390
2595,event-549,PUBLISHED,0,2026-09-08 00:44:51.800979,2026-09-08 00:45:10.611146,18810.1670
2596,event-550,PUBLISHED,0,2026-09-08 00:44:51.800979,2026-09-08 00:45:10.614549,18813.5700
2597,event-551,PUBLISHED,0,2026-09-08 00:44:51.800979,2026-09-08 00:45:10.616929,18815.9500
2598,event-552,PUBLISHED,0,2026-09-08 00:44:51.800979,2026-09-08 00:45:10.618485,18817.5060
2599,event-553,PUBLISHED,0,2026-09-08 00:44:51.800979,2026-09-08 00:45:10.619523,18818.5440
2600,event-554,PUBLISHED,0,2026-09-08 00:44:51.800979,2026-09-08 00:45:10.620371,18819.3920
2601,event-555,PUBLISHED,0,2026-09-08 00:44:51.800979,2026-09-08 00:45:10.621919,18820.9400
2602,event-556,PUBLISHED,0,2026-09-08 00:44:51.800979,2026-09-08 00:45:10.623814,18822.8350
2603,event-557,PUBLISHED,0,2026-09-08 00:44:51.800979,2026-09-08 00:45:10.625803,18824.8240
2604,event-558,PUBLISHED,0,2026-09-08 00:44:51.800979,2026-09-08 00:45:10.627619,18826.6400
2605,event-559,PUBLISHED,0,2026-09-08 00:44:51.800979,2026-09-08 00:45:10.629517,18828.5380
2606,event-560,PUBLISHED,0,2026-09-08 00:44:51.800979,2026-09-08 00:45:10.630647,18829.6680
2607,event-561,PUBLISHED,0,2026-09-08 00:44:51.800979,2026-09-08 00:45:10.632900,18831.9210
2608,event-562,PUBLISHED,0,2026-09-08 00:44:51.800979,2026-09-08 00:45:10.634439,18833.4600
2609,event-563,PUBLISHED,0,2026-09-08 00:44:51.800979,2026-09-08 00:45:10.635374,18834.3950
2610,event-564,PUBLISHED,0,2026-09-08 00:44:51.800979,2026-09-08 00:45:10.636549,18835.5700
2611,event-565,PUBLISHED,0,2026-09-08 00:44:51.800979,2026-09-08 00:45:10.637478,18836.4990
2612,event-566,PUBLISHED,0,2026-09-08 00:44:51.800979,2026-09-08 00:45:10.638419,18837.4400
2613,event-567,PUBLISHED,0,2026-09-08 00:44:51.800979,2026-09-08 00:45:10.639648,18838.6690
2614,event-568,PUBLISHED,0,2026-09-08 00:44:51.800979,2026-09-08 00:45:10.641659,18840.6800
2615,event-569,PUBLISHED,0,2026-09-08 00:44:51.800979,2026-09-08 00:45:10.643566,18842.5870
2616,event-570,PUBLISHED,0,2026-09-08 00:44:51.800979,2026-09-08 00:45:10.644304,18843.3250
2617,event-571,PUBLISHED,0,2026-09-08 00:44:51.800979,2026-09-08 00:45:10.645326,18844.3470
2618,event-572,PUBLISHED,0,2026-09-08 00:44:51.800979,2026-09-08 00:45:10.645867,18844.8880
2619,event-573,PUBLISHED,0,2026-09-08 00:44:51.800979,2026-09-08 00:45:10.646482,18845.5030
2620,event-574,PUBLISHED,0,2026-09-08 00:44:51.800979,2026-09-08 00:45:10.647719,18846.7400
2621,event-575,PUBLISHED,0,2026-09-08 00:44:51.800979,2026-09-08 00:45:10.649601,18848.6220
2622,event-576,PUBLISHED,0,2026-09-08 00:44:51.800979,2026-09-08 00:45:10.651682,18850.7030
2623,event-577,PUBLISHED,0,2026-09-08 00:44:51.800979,2026-09-08 00:45:10.652923,18851.9440
2624,event-578,PUBLISHED,0,2026-09-08 00:44:51.800979,2026-09-08 00:45:10.654462,18853.4830
2625,event-579,PUBLISHED,0,2026-09-08 00:44:51.800979,2026-09-08 00:45:10.655789,18854.8100
2626,event-580,PUBLISHED,0,2026-09-08 00:44:51.800979,2026-09-08 00:45:10.658696,18857.7170
2627,event-581,PUBLISHED,0,2026-09-08 00:44:51.800979,2026-09-08 00:45:10.659880,18858.9010
2628,event-582,PUBLISHED,0,2026-09-08 00:44:51.800979,2026-09-08 00:45:10.660738,18859.7590
2629,event-583,PUBLISHED,0,2026-09-08 00:44:51.800979,2026-09-08 00:45:10.661578,18860.5990
2630,event-584,PUBLISHED,0,2026-09-08 00:44:51.800979,2026-09-08 00:45:10.662807,18861.8280
2631,event-585,PUBLISHED,0,2026-09-08 00:44:51.800979,2026-09-08 00:45:10.663801,18862.8220
2632,event-586,PUBLISHED,0,2026-09-08 00:44:51.800979,2026-09-08 00:45:10.665290,18864.3110
2633,event-587,PUBLISHED,0,2026-09-08 00:44:51.800979,2026-09-08 00:45:10.666613,18865.6340
2634,event-588,PUBLISHED,0,2026-09-08 00:44:51.800979,2026-09-08 00:45:10.667967,18866.9880
2635,event-589,PUBLISHED,0,2026-09-08 00:44:51.800979,2026-09-08 00:45:10.668900,18867.9210
2636,event-590,PUBLISHED,0,2026-09-08 00:44:51.800979,2026-09-08 00:45:10.670626,18869.6470
2637,event-591,PUBLISHED,0,2026-09-08 00:44:51.800979,2026-09-08 00:45:10.672079,18871.1000
2638,event-592,PUBLISHED,0,2026-09-08 00:44:51.800979,2026-09-08 00:45:10.673724,18872.7450
2639,event-593,PUBLISHED,0,2026-09-08 00:44:51.800979,2026-09-08 00:45:10.675582,18874.6030
2640,event-594,PUBLISHED,0,2026-09-08 00:44:51.800979,2026-09-08 00:45:10.676804,18875.8250
2641,event-595,PUBLISHED,0,2026-09-08 00:44:51.800979,2026-09-08 00:45:10.678440,18877.4610
2642,event-596,PUBLISHED,0,2026-09-08 00:44:51.800979,2026-09-08 00:45:10.682126,18881.1470
2643,event-597,PUBLISHED,0,2026-09-08 00:44:51.800979,2026-09-08 00:45:10.683766,18882.7870
2644,event-598,PUBLISHED,0,2026-09-08 00:44:51.800979,2026-09-08 00:45:10.685147,18884.1680
2645,event-599,PUBLISHED,0,2026-09-08 00:44:51.800979,2026-09-08 00:45:10.686043,18885.0640
2646,event-600,PUBLISHED,0,2026-09-08 00:44:51.800979,2026-09-08 00:45:10.686923,18885.9440
2647,event-601,PUBLISHED,0,2026-09-08 00:44:51.800979,2026-09-08 00:45:13.788469,21987.4900
2648,event-602,PUBLISHED,0,2026-09-08 00:44:51.800979,2026-09-08 00:45:13.789963,21988.9840
2649,event-603,PUBLISHED,0,2026-09-08 00:44:51.800979,2026-09-08 00:45:13.790927,21989.9480
2650,event-604,PUBLISHED,0,2026-09-08 00:44:51.800979,2026-09-08 00:45:13.791880,21990.9010
2651,event-605,PUBLISHED,0,2026-09-08 00:44:51.800979,2026-09-08 00:45:13.792697,21991.7180
2652,event-606,PUBLISHED,0,2026-09-08 00:44:51.800979,2026-09-08 00:45:13.793528,21992.5490
2653,event-607,PUBLISHED,0,2026-09-08 00:44:51.800979,2026-09-08 00:45:13.794232,21993.2530
2654,event-608,PUBLISHED,0,2026-09-08 00:44:51.800979,2026-09-08 00:45:13.794820,21993.8410
2655,event-609,PUBLISHED,0,2026-09-08 00:44:51.800979,2026-09-08 00:45:13.795522,21994.5430
2656,event-610,PUBLISHED,0,2026-09-08 00:44:51.800979,2026-09-08 00:45:13.796249,21995.2700
2657,event-611,PUBLISHED,0,2026-09-08 00:44:51.800979,2026-09-08 00:45:13.797799,21996.8200
2658,event-612,PUBLISHED,0,2026-09-08 00:44:51.800979,2026-09-08 00:45:13.798623,21997.6440
2659,event-613,PUBLISHED,0,2026-09-08 00:44:51.800979,2026-09-08 00:45:13.799254,21998.2750
2660,event-614,PUBLISHED,0,2026-09-08 00:44:51.800979,2026-09-08 00:45:13.799857,21998.8780
2661,event-615,PUBLISHED,0,2026-09-08 00:44:51.800979,2026-09-08 00:45:13.800455,21999.4760
2662,event-616,PUBLISHED,0,2026-09-08 00:44:51.800979,2026-09-08 00:45:13.801183,22000.2040
2663,event-617,PUBLISHED,0,2026-09-08 00:44:51.800979,2026-09-08 00:45:13.801929,22000.9500
2664,event-618,PUBLISHED,0,2026-09-08 00:44:51.800979,2026-09-08 00:45:13.802641,22001.6620
2665,event-619,PUBLISHED,0,2026-09-08 00:44:51.800979,2026-09-08 00:45:13.803380,22002.4010
2666,event-620,PUBLISHED,0,2026-09-08 00:44:51.800979,2026-09-08 00:45:13.804246,22003.2670
2667,event-621,PUBLISHED,0,2026-09-08 00:44:51.800979,2026-09-08 00:45:13.805145,22004.1660
2668,event-622,PUBLISHED,0,2026-09-08 00:44:51.800979,2026-09-08 00:45:13.805861,22004.8820
2669,event-623,PUBLISHED,0,2026-09-08 00:44:51.800979,2026-09-08 00:45:13.806540,22005.5610
2670,event-624,PUBLISHED,0,2026-09-08 00:44:51.800979,2026-09-08 00:45:13.807385,22006.4060
2671,event-625,PUBLISHED,0,2026-09-08 00:44:51.800979,2026-09-08 00:45:13.808147,22007.1680
2672,event-626,PUBLISHED,0,2026-09-08 00:44:51.800979,2026-09-08 00:45:13.808831,22007.8520
2673,event-627,PUBLISHED,0,2026-09-08 00:44:51.800979,2026-09-08 00:45:13.809452,22008.4730
2674,event-628,PUBLISHED,0,2026-09-08 00:44:51.800979,2026-09-08 00:45:13.809957,22008.9780
2675,event-629,PUBLISHED,0,2026-09-08 00:44:51.800979,2026-09-08 00:45:13.810523,22009.5440
2676,event-630,PUBLISHED,0,2026-09-08 00:44:51.800979,2026-09-08 00:45:13.811141,22010.1620
2677,event-631,PUBLISHED,0,2026-09-08 00:44:51.800979,2026-09-08 00:45:13.811661,22010.6820
2678,event-632,PUBLISHED,0,2026-09-08 00:44:51.800979,2026-09-08 00:45:13.812215,22011.2360
2679,event-633,PUBLISHED,0,2026-09-08 00:44:51.800979,2026-09-08 00:45:13.812785,22011.8060
2680,event-634,PUBLISHED,0,2026-09-08 00:44:51.800979,2026-09-08 00:45:13.813440,22012.4610
2681,event-635,PUBLISHED,0,2026-09-08 00:44:51.800979,2026-09-08 00:45:13.814307,22013.3280
2682,event-636,PUBLISHED,0,2026-09-08 00:44:51.800979,2026-09-08 00:45:13.815021,22014.0420
2683,event-637,PUBLISHED,0,2026-09-08 00:44:51.800979,2026-09-08 00:45:13.815574,22014.5950
2684,event-638,PUBLISHED,0,2026-09-08 00:44:51.800979,2026-09-08 00:45:13.816159,22015.1800
2685,event-639,PUBLISHED,0,2026-09-08 00:44:51.800979,2026-09-08 00:45:13.816684,22015.7050
2686,event-640,PUBLISHED,0,2026-09-08 00:44:51.800979,2026-09-08 00:45:13.817218,22016.2390
2687,event-641,PUBLISHED,0,2026-09-08 00:44:51.800979,2026-09-08 00:45:13.817865,22016.8860
2688,event-642,PUBLISHED,0,2026-09-08 00:44:51.800979,2026-09-08 00:45:13.818678,22017.6990
2689,event-643,PUBLISHED,0,2026-09-08 00:44:51.800979,2026-09-08 00:45:13.819416,22018.4370
2690,event-644,PUBLISHED,0,2026-09-08 00:44:51.800979,2026-09-08 00:45:13.820095,22019.1160
2691,event-645,PUBLISHED,0,2026-09-08 00:44:51.800979,2026-09-08 00:45:13.820747,22019.7680
2692,event-646,PUBLISHED,0,2026-09-08 00:44:51.800979,2026-09-08 00:45:13.821400,22020.4210
2693,event-647,PUBLISHED,0,2026-09-08 00:44:51.800979,2026-09-08 00:45:13.822119,22021.1400
2694,event-648,PUBLISHED,0,2026-09-08 00:44:51.800979,2026-09-08 00:45:13.822985,22022.0060
2695,event-649,PUBLISHED,0,2026-09-08 00:44:51.800979,2026-09-08 00:45:13.823750,22022.7710
2696,event-650,PUBLISHED,0,2026-09-08 00:44:51.800979,2026-09-08 00:45:13.824502,22023.5230
2697,event-651,PUBLISHED,0,2026-09-08 00:44:51.800979,2026-09-08 00:45:13.825073,22024.0940
2698,event-652,PUBLISHED,0,2026-09-08 00:44:51.800979,2026-09-08 00:45:13.825613,22024.6340
2699,event-653,PUBLISHED,0,2026-09-08 00:44:51.800979,2026-09-08 00:45:13.826204,22025.2250
2700,event-654,PUBLISHED,0,2026-09-08 00:44:51.800979,2026-09-08 00:45:13.826925,22025.9460
2701,event-655,PUBLISHED,0,2026-09-08 00:44:51.800979,2026-09-08 00:45:13.828554,22027.5750
2702,event-656,PUBLISHED,0,2026-09-08 00:44:51.800979,2026-09-08 00:45:13.829107,22028.1280
2703,event-657,PUBLISHED,0,2026-09-08 00:44:51.800979,2026-09-08 00:45:13.829643,22028.6640
2704,event-658,PUBLISHED,0,2026-09-08 00:44:51.800979,2026-09-08 00:45:13.830463,22029.4840
2705,event-659,PUBLISHED,0,2026-09-08 00:44:51.800979,2026-09-08 00:45:13.831143,22030.1640
2706,event-660,PUBLISHED,0,2026-09-08 00:44:51.800979,2026-09-08 00:45:13.831815,22030.8360
2707,event-661,PUBLISHED,0,2026-09-08 00:44:51.800979,2026-09-08 00:45:13.832376,22031.3970
2708,event-662,PUBLISHED,0,2026-09-08 00:44:51.800979,2026-09-08 00:45:13.832856,22031.8770
2709,event-663,PUBLISHED,0,2026-09-08 00:44:51.800979,2026-09-08 00:45:13.833377,22032.3980
2710,event-664,PUBLISHED,0,2026-09-08 00:44:51.800979,2026-09-08 00:45:13.833903,22032.9240
2711,event-665,PUBLISHED,0,2026-09-08 00:44:51.800979,2026-09-08 00:45:13.834639,22033.6600
2712,event-666,PUBLISHED,0,2026-09-08 00:44:51.800979,2026-09-08 00:45:13.835341,22034.3620
2713,event-667,PUBLISHED,0,2026-09-08 00:44:51.800979,2026-09-08 00:45:13.835916,22034.9370
2714,event-668,PUBLISHED,0,2026-09-08 00:44:51.800979,2026-09-08 00:45:13.836588,22035.6090
2715,event-669,PUBLISHED,0,2026-09-08 00:44:51.800979,2026-09-08 00:45:13.837207,22036.2280
2716,event-670,PUBLISHED,0,2026-09-08 00:44:51.800979,2026-09-08 00:45:13.837792,22036.8130
2717,event-671,PUBLISHED,0,2026-09-08 00:44:51.800979,2026-09-08 00:45:13.840544,22039.5650
2718,event-672,PUBLISHED,0,2026-09-08 00:44:51.800979,2026-09-08 00:45:13.841653,22040.6740
2719,event-673,PUBLISHED,0,2026-09-08 00:44:51.800979,2026-09-08 00:45:13.842327,22041.3480
2720,event-674,PUBLISHED,0,2026-09-08 00:44:51.800979,2026-09-08 00:45:13.843452,22042.4730
2721,event-675,PUBLISHED,0,2026-09-08 00:44:51.800979,2026-09-08 00:45:13.844345,22043.3660
2722,event-676,PUBLISHED,0,2026-09-08 00:44:51.800979,2026-09-08 00:45:13.845036,22044.0570
2723,event-677,PUBLISHED,0,2026-09-08 00:44:51.800979,2026-09-08 00:45:13.845609,22044.6300
2724,event-678,PUBLISHED,0,2026-09-08 00:44:51.800979,2026-09-08 00:45:13.846503,22045.5240
2725,event-679,PUBLISHED,0,2026-09-08 00:44:51.800979,2026-09-08 00:45:13.847144,22046.1650
2726,event-680,PUBLISHED,0,2026-09-08 00:44:51.800979,2026-09-08 00:45:13.847976,22046.9970
2727,event-681,PUBLISHED,0,2026-09-08 00:44:51.800979,2026-09-08 00:45:13.848705,22047.7260
2728,event-682,PUBLISHED,0,2026-09-08 00:44:51.800979,2026-09-08 00:45:13.849313,22048.3340
2729,event-683,PUBLISHED,0,2026-09-08 00:44:51.800979,2026-09-08 00:45:13.849854,22048.8750
2730,event-684,PUBLISHED,0,2026-09-08 00:44:51.800979,2026-09-08 00:45:13.850646,22049.6670
2731,event-685,PUBLISHED,0,2026-09-08 00:44:51.800979,2026-09-08 00:45:13.851356,22050.3770
2732,event-686,PUBLISHED,0,2026-09-08 00:44:51.800979,2026-09-08 00:45:13.852030,22051.0510
2733,event-687,PUBLISHED,0,2026-09-08 00:44:51.800979,2026-09-08 00:45:13.852762,22051.7830
2734,event-688,PUBLISHED,0,2026-09-08 00:44:51.800979,2026-09-08 00:45:13.853553,22052.5740
2735,event-689,PUBLISHED,0,2026-09-08 00:44:51.800979,2026-09-08 00:45:13.854333,22053.3540
2736,event-690,PUBLISHED,0,2026-09-08 00:44:51.800979,2026-09-08 00:45:13.854939,22053.9600
2737,event-691,PUBLISHED,0,2026-09-08 00:44:51.800979,2026-09-08 00:45:13.856074,22055.0950
2738,event-692,PUBLISHED,0,2026-09-08 00:44:51.800979,2026-09-08 00:45:13.857109,22056.1300
2739,event-693,PUBLISHED,0,2026-09-08 00:44:51.800979,2026-09-08 00:45:13.857965,22056.9860
2740,event-694,PUBLISHED,0,2026-09-08 00:44:51.800979,2026-09-08 00:45:13.858850,22057.8710
2741,event-695,PUBLISHED,0,2026-09-08 00:44:51.800979,2026-09-08 00:45:13.859731,22058.7520
2742,event-696,PUBLISHED,0,2026-09-08 00:44:51.800979,2026-09-08 00:45:13.860404,22059.4250
2743,event-697,PUBLISHED,0,2026-09-08 00:44:51.800979,2026-09-08 00:45:13.860931,22059.9520
2744,event-698,PUBLISHED,0,2026-09-08 00:44:51.800979,2026-09-08 00:45:13.861446,22060.4670
2745,event-699,PUBLISHED,0,2026-09-08 00:44:51.800979,2026-09-08 00:45:13.861977,22060.9980
2746,event-700,PUBLISHED,0,2026-09-08 00:44:51.800979,2026-09-08 00:45:13.862732,22061.7530
2747,event-701,PUBLISHED,0,2026-09-08 00:44:51.800979,2026-09-08 00:45:17.002377,25201.3980
2748,event-702,PUBLISHED,0,2026-09-08 00:44:51.800979,2026-09-08 00:45:17.003662,25202.6830
2749,event-703,PUBLISHED,0,2026-09-08 00:44:51.800979,2026-09-08 00:45:17.005721,25204.7420
2750,event-704,PUBLISHED,0,2026-09-08 00:44:51.800979,2026-09-08 00:45:17.006529,25205.5500
2751,event-705,PUBLISHED,0,2026-09-08 00:44:51.800979,2026-09-08 00:45:17.007475,25206.4960
2752,event-706,PUBLISHED,0,2026-09-08 00:44:51.800979,2026-09-08 00:45:17.008324,25207.3450
2753,event-707,PUBLISHED,0,2026-09-08 00:44:51.800979,2026-09-08 00:45:17.009335,25208.3560
2754,event-708,PUBLISHED,0,2026-09-08 00:44:51.800979,2026-09-08 00:45:17.009957,25208.9780
2755,event-709,PUBLISHED,0,2026-09-08 00:44:51.800979,2026-09-08 00:45:17.010573,25209.5940
2756,event-710,PUBLISHED,0,2026-09-08 00:44:51.800979,2026-09-08 00:45:17.011231,25210.2520
2757,event-711,PUBLISHED,0,2026-09-08 00:44:51.800979,2026-09-08 00:45:17.011819,25210.8400
2758,event-712,PUBLISHED,0,2026-09-08 00:44:51.800979,2026-09-08 00:45:17.012408,25211.4290
2759,event-713,PUBLISHED,0,2026-09-08 00:44:51.800979,2026-09-08 00:45:17.013161,25212.1820
2760,event-714,PUBLISHED,0,2026-09-08 00:44:51.800979,2026-09-08 00:45:17.014004,25213.0250
2761,event-715,PUBLISHED,0,2026-09-08 00:44:51.800979,2026-09-08 00:45:17.014766,25213.7870
2762,event-716,PUBLISHED,0,2026-09-08 00:44:51.800979,2026-09-08 00:45:17.015318,25214.3390
2763,event-717,PUBLISHED,0,2026-09-08 00:44:51.800979,2026-09-08 00:45:17.015863,25214.8840
2764,event-718,PUBLISHED,0,2026-09-08 00:44:51.800979,2026-09-08 00:45:17.016535,25215.5560
2765,event-719,PUBLISHED,0,2026-09-08 00:44:51.800979,2026-09-08 00:45:17.017106,25216.1270
2766,event-720,PUBLISHED,0,2026-09-08 00:44:51.800979,2026-09-08 00:45:17.017678,25216.6990
2767,event-721,PUBLISHED,0,2026-09-08 00:44:51.800979,2026-09-08 00:45:17.018530,25217.5510
2768,event-722,PUBLISHED,0,2026-09-08 00:44:51.800979,2026-09-08 00:45:17.019584,25218.6050
2769,event-723,PUBLISHED,0,2026-09-08 00:44:51.800979,2026-09-08 00:45:17.020451,25219.4720
2770,event-724,PUBLISHED,0,2026-09-08 00:44:51.800979,2026-09-08 00:45:17.021423,25220.4440
2771,event-725,PUBLISHED,0,2026-09-08 00:44:51.800979,2026-09-08 00:45:17.022231,25221.2520
2772,event-726,PUBLISHED,0,2026-09-08 00:44:51.800979,2026-09-08 00:45:17.023100,25222.1210
2773,event-727,PUBLISHED,0,2026-09-08 00:44:51.800979,2026-09-08 00:45:17.023977,25222.9980
2774,event-728,PUBLISHED,0,2026-09-08 00:44:51.800979,2026-09-08 00:45:17.024611,25223.6320
2775,event-729,PUBLISHED,0,2026-09-08 00:44:51.800979,2026-09-08 00:45:17.025175,25224.1960
2776,event-730,PUBLISHED,0,2026-09-08 00:44:51.800979,2026-09-08 00:45:17.025742,25224.7630
2777,event-731,PUBLISHED,0,2026-09-08 00:44:51.800979,2026-09-08 00:45:17.026321,25225.3420
2778,event-732,PUBLISHED,0,2026-09-08 00:44:51.800979,2026-09-08 00:45:17.026855,25225.8760
2779,event-733,PUBLISHED,0,2026-09-08 00:44:51.800979,2026-09-08 00:45:17.027356,25226.3770
2780,event-734,PUBLISHED,0,2026-09-08 00:44:51.800979,2026-09-08 00:45:17.027841,25226.8620
2781,event-735,PUBLISHED,0,2026-09-08 00:44:51.800979,2026-09-08 00:45:17.029370,25228.3910
2782,event-736,PUBLISHED,0,2026-09-08 00:44:51.800979,2026-09-08 00:45:17.030136,25229.1570
2783,event-737,PUBLISHED,0,2026-09-08 00:44:51.800979,2026-09-08 00:45:17.030801,25229.8220
2784,event-738,PUBLISHED,0,2026-09-08 00:44:51.800979,2026-09-08 00:45:17.032625,25231.6460
2785,event-739,PUBLISHED,0,2026-09-08 00:44:51.800979,2026-09-08 00:45:17.033227,25232.2480
2786,event-740,PUBLISHED,0,2026-09-08 00:44:51.800979,2026-09-08 00:45:17.033795,25232.8160
2787,event-741,PUBLISHED,0,2026-09-08 00:44:51.800979,2026-09-08 00:45:17.034497,25233.5180
2788,event-742,PUBLISHED,0,2026-09-08 00:44:51.800979,2026-09-08 00:45:17.035205,25234.2260
2789,event-743,PUBLISHED,0,2026-09-08 00:44:51.800979,2026-09-08 00:45:17.035839,25234.8600
2790,event-744,PUBLISHED,0,2026-09-08 00:44:51.800979,2026-09-08 00:45:17.036558,25235.5790
2791,event-745,PUBLISHED,0,2026-09-08 00:44:51.800979,2026-09-08 00:45:17.037509,25236.5300
2792,event-746,PUBLISHED,0,2026-09-08 00:44:51.800979,2026-09-08 00:45:17.038166,25237.1870
2793,event-747,PUBLISHED,0,2026-09-08 00:44:51.800979,2026-09-08 00:45:17.039113,25238.1340
2794,event-748,PUBLISHED,0,2026-09-08 00:44:51.800979,2026-09-08 00:45:17.040069,25239.0900
2795,event-749,PUBLISHED,0,2026-09-08 00:44:51.800979,2026-09-08 00:45:17.040853,25239.8740
2796,event-750,PUBLISHED,0,2026-09-08 00:44:51.800979,2026-09-08 00:45:17.041424,25240.4450
2797,event-751,PUBLISHED,0,2026-09-08 00:44:51.800979,2026-09-08 00:45:17.047831,25246.8520
2798,event-752,PUBLISHED,0,2026-09-08 00:44:51.800979,2026-09-08 00:45:17.049075,25248.0960
2799,event-753,PUBLISHED,0,2026-09-08 00:44:51.800979,2026-09-08 00:45:17.049951,25248.9720
2800,event-754,PUBLISHED,0,2026-09-08 00:44:51.800979,2026-09-08 00:45:17.051761,25250.7820
2801,event-755,PUBLISHED,0,2026-09-08 00:44:51.800979,2026-09-08 00:45:17.054680,25253.7010
2802,event-756,PUBLISHED,0,2026-09-08 00:44:51.800979,2026-09-08 00:45:17.055725,25254.7460
2803,event-757,PUBLISHED,0,2026-09-08 00:44:51.800979,2026-09-08 00:45:17.058482,25257.5030
2804,event-758,PUBLISHED,0,2026-09-08 00:44:51.800979,2026-09-08 00:45:17.059753,25258.7740
2805,event-759,PUBLISHED,0,2026-09-08 00:44:51.800979,2026-09-08 00:45:17.060507,25259.5280
2806,event-760,PUBLISHED,0,2026-09-08 00:44:51.800979,2026-09-08 00:45:17.061118,25260.1390
2807,event-761,PUBLISHED,0,2026-09-08 00:44:51.800979,2026-09-08 00:45:17.061666,25260.6870
2808,event-762,PUBLISHED,0,2026-09-08 00:44:51.800979,2026-09-08 00:45:17.062208,25261.2290
2809,event-763,PUBLISHED,0,2026-09-08 00:44:51.800979,2026-09-08 00:45:17.062729,25261.7500
2810,event-764,PUBLISHED,0,2026-09-08 00:44:51.800979,2026-09-08 00:45:17.063274,25262.2950
2811,event-765,PUBLISHED,0,2026-09-08 00:44:51.800979,2026-09-08 00:45:17.064018,25263.0390
2812,event-766,PUBLISHED,0,2026-09-08 00:44:51.800979,2026-09-08 00:45:17.064668,25263.6890
2813,event-767,PUBLISHED,0,2026-09-08 00:44:51.800979,2026-09-08 00:45:17.065372,25264.3930
2814,event-768,PUBLISHED,0,2026-09-08 00:44:51.800979,2026-09-08 00:45:17.065890,25264.9110
2815,event-769,PUBLISHED,0,2026-09-08 00:44:51.800979,2026-09-08 00:45:17.066453,25265.4740
2816,event-770,PUBLISHED,0,2026-09-08 00:44:51.800979,2026-09-08 00:45:17.067019,25266.0400
2817,event-771,PUBLISHED,0,2026-09-08 00:44:51.800979,2026-09-08 00:45:17.067696,25266.7170
2818,event-772,PUBLISHED,0,2026-09-08 00:44:51.800979,2026-09-08 00:45:17.068401,25267.4220
2819,event-773,PUBLISHED,0,2026-09-08 00:44:51.800979,2026-09-08 00:45:17.069196,25268.2170
2820,event-774,PUBLISHED,0,2026-09-08 00:44:51.800979,2026-09-08 00:45:17.070009,25269.0300
2821,event-775,PUBLISHED,0,2026-09-08 00:44:51.800979,2026-09-08 00:45:17.070744,25269.7650
2822,event-776,PUBLISHED,0,2026-09-08 00:44:51.800979,2026-09-08 00:45:17.071511,25270.5320
2823,event-777,PUBLISHED,0,2026-09-08 00:44:51.800979,2026-09-08 00:45:17.072501,25271.5220
2824,event-778,PUBLISHED,0,2026-09-08 00:44:51.800979,2026-09-08 00:45:17.073598,25272.6190
2825,event-779,PUBLISHED,0,2026-09-08 00:44:51.800979,2026-09-08 00:45:17.074351,25273.3720
2826,event-780,PUBLISHED,0,2026-09-08 00:44:51.800979,2026-09-08 00:45:17.074876,25273.8970
2827,event-781,PUBLISHED,0,2026-09-08 00:44:51.800979,2026-09-08 00:45:17.075477,25274.4980
2828,event-782,PUBLISHED,0,2026-09-08 00:44:51.800979,2026-09-08 00:45:17.076007,25275.0280
2829,event-783,PUBLISHED,0,2026-09-08 00:44:51.800979,2026-09-08 00:45:17.076502,25275.5230
2830,event-784,PUBLISHED,0,2026-09-08 00:44:51.800979,2026-09-08 00:45:17.077165,25276.1860
2831,event-785,PUBLISHED,0,2026-09-08 00:44:51.800979,2026-09-08 00:45:17.077930,25276.9510
2832,event-786,PUBLISHED,0,2026-09-08 00:44:51.800979,2026-09-08 00:45:17.078541,25277.5620
2833,event-787,PUBLISHED,0,2026-09-08 00:44:51.800979,2026-09-08 00:45:17.079031,25278.0520
2834,event-788,PUBLISHED,0,2026-09-08 00:44:51.800979,2026-09-08 00:45:17.079775,25278.7960
2835,event-789,PUBLISHED,0,2026-09-08 00:44:51.800979,2026-09-08 00:45:17.080727,25279.7480
2836,event-790,PUBLISHED,0,2026-09-08 00:44:51.800979,2026-09-08 00:45:17.082465,25281.4860
2837,event-791,PUBLISHED,0,2026-09-08 00:44:51.800979,2026-09-08 00:45:17.083412,25282.4330
2838,event-792,PUBLISHED,0,2026-09-08 00:44:51.800979,2026-09-08 00:45:17.084168,25283.1890
2839,event-793,PUBLISHED,0,2026-09-08 00:44:51.800979,2026-09-08 00:45:17.085097,25284.1180
2840,event-794,PUBLISHED,0,2026-09-08 00:44:51.800979,2026-09-08 00:45:17.085976,25284.9970
2841,event-795,PUBLISHED,0,2026-09-08 00:44:51.800979,2026-09-08 00:45:17.086672,25285.6930
2842,event-796,PUBLISHED,0,2026-09-08 00:44:51.800979,2026-09-08 00:45:17.087304,25286.3250
2843,event-797,PUBLISHED,0,2026-09-08 00:44:51.800979,2026-09-08 00:45:17.087942,25286.9630
2844,event-798,PUBLISHED,0,2026-09-08 00:44:51.800979,2026-09-08 00:45:17.088896,25287.9170
2845,event-799,PUBLISHED,0,2026-09-08 00:44:51.800979,2026-09-08 00:45:17.089946,25288.9670
2846,event-800,PUBLISHED,0,2026-09-08 00:44:51.800979,2026-09-08 00:45:17.090869,25289.8900
2847,event-801,PUBLISHED,0,2026-09-08 00:44:51.800979,2026-09-08 00:45:20.337801,28536.8220
2848,event-802,PUBLISHED,0,2026-09-08 00:44:51.800979,2026-09-08 00:45:20.339850,28538.8710
2849,event-803,PUBLISHED,0,2026-09-08 00:44:51.800979,2026-09-08 00:45:20.341330,28540.3510
2850,event-804,PUBLISHED,0,2026-09-08 00:44:51.800979,2026-09-08 00:45:20.342929,28541.9500
2851,event-805,PUBLISHED,0,2026-09-08 00:44:51.800979,2026-09-08 00:45:20.346735,28545.7560
2852,event-806,PUBLISHED,0,2026-09-08 00:44:51.800979,2026-09-08 00:45:20.349345,28548.3660
2853,event-807,PUBLISHED,0,2026-09-08 00:44:51.800979,2026-09-08 00:45:20.350328,28549.3490
2854,event-808,PUBLISHED,0,2026-09-08 00:44:51.800979,2026-09-08 00:45:20.351238,28550.2590
2855,event-809,PUBLISHED,0,2026-09-08 00:44:51.800979,2026-09-08 00:45:20.352270,28551.2910
2856,event-810,PUBLISHED,0,2026-09-08 00:44:51.800979,2026-09-08 00:45:20.353082,28552.1030
2857,event-811,PUBLISHED,0,2026-09-08 00:44:51.800979,2026-09-08 00:45:20.354105,28553.1260
2858,event-812,PUBLISHED,0,2026-09-08 00:44:51.800979,2026-09-08 00:45:20.356379,28555.4000
2859,event-813,PUBLISHED,0,2026-09-08 00:44:51.800979,2026-09-08 00:45:20.358031,28557.0520
2860,event-814,PUBLISHED,0,2026-09-08 00:44:51.800979,2026-09-08 00:45:20.359034,28558.0550
2861,event-815,PUBLISHED,0,2026-09-08 00:44:51.800979,2026-09-08 00:45:20.360115,28559.1360
2862,event-816,PUBLISHED,0,2026-09-08 00:44:51.800979,2026-09-08 00:45:20.360913,28559.9340
2863,event-817,PUBLISHED,0,2026-09-08 00:44:51.800979,2026-09-08 00:45:20.361772,28560.7930
2864,event-818,PUBLISHED,0,2026-09-08 00:44:51.800979,2026-09-08 00:45:20.362493,28561.5140
2865,event-819,PUBLISHED,0,2026-09-08 00:44:51.800979,2026-09-08 00:45:20.363229,28562.2500
2866,event-820,PUBLISHED,0,2026-09-08 00:44:51.800979,2026-09-08 00:45:20.364600,28563.6210
2867,event-821,PUBLISHED,0,2026-09-08 00:44:51.800979,2026-09-08 00:45:20.365512,28564.5330
2868,event-822,PUBLISHED,0,2026-09-08 00:44:51.800979,2026-09-08 00:45:20.366435,28565.4560
2869,event-823,PUBLISHED,0,2026-09-08 00:44:51.800979,2026-09-08 00:45:20.367006,28566.0270
2870,event-824,PUBLISHED,0,2026-09-08 00:44:51.800979,2026-09-08 00:45:20.367593,28566.6140
2871,event-825,PUBLISHED,0,2026-09-08 00:44:51.800979,2026-09-08 00:45:20.368407,28567.4280
2872,event-826,PUBLISHED,0,2026-09-08 00:44:51.800979,2026-09-08 00:45:20.368968,28567.9890
2873,event-827,PUBLISHED,0,2026-09-08 00:44:51.800979,2026-09-08 00:45:20.369530,28568.5510
2874,event-828,PUBLISHED,0,2026-09-08 00:44:51.800979,2026-09-08 00:45:20.370194,28569.2150
2875,event-829,PUBLISHED,0,2026-09-08 00:44:51.800979,2026-09-08 00:45:20.372566,28571.5870
2876,event-830,PUBLISHED,0,2026-09-08 00:44:51.800979,2026-09-08 00:45:20.375003,28574.0240
2877,event-831,PUBLISHED,0,2026-09-08 00:44:51.800979,2026-09-08 00:45:20.376089,28575.1100
2878,event-832,PUBLISHED,0,2026-09-08 00:44:51.800979,2026-09-08 00:45:20.377030,28576.0510
2879,event-833,PUBLISHED,0,2026-09-08 00:44:51.800979,2026-09-08 00:45:20.378028,28577.0490
2880,event-834,PUBLISHED,0,2026-09-08 00:44:51.800979,2026-09-08 00:45:20.379353,28578.3740
2881,event-835,PUBLISHED,0,2026-09-08 00:44:51.800979,2026-09-08 00:45:20.385368,28584.3890
2882,event-836,PUBLISHED,0,2026-09-08 00:44:51.800979,2026-09-08 00:45:20.389451,28588.4720
2883,event-837,PUBLISHED,0,2026-09-08 00:44:51.800979,2026-09-08 00:45:20.392016,28591.0370
2884,event-838,PUBLISHED,0,2026-09-08 00:44:51.800979,2026-09-08 00:45:20.393577,28592.5980
2885,event-839,PUBLISHED,0,2026-09-08 00:44:51.800979,2026-09-08 00:45:20.394679,28593.7000
2886,event-840,PUBLISHED,0,2026-09-08 00:44:51.800979,2026-09-08 00:45:20.396089,28595.1100
2887,event-841,PUBLISHED,0,2026-09-08 00:44:51.800979,2026-09-08 00:45:20.397649,28596.6700
2888,event-842,PUBLISHED,0,2026-09-08 00:44:51.800979,2026-09-08 00:45:20.401135,28600.1560
2889,event-843,PUBLISHED,0,2026-09-08 00:44:51.800979,2026-09-08 00:45:20.402701,28601.7220
2890,event-844,PUBLISHED,0,2026-09-08 00:44:51.800979,2026-09-08 00:45:20.406219,28605.2400
2891,event-845,PUBLISHED,0,2026-09-08 00:44:51.800979,2026-09-08 00:45:20.409070,28608.0910
2892,event-846,PUBLISHED,0,2026-09-08 00:44:51.800979,2026-09-08 00:45:20.410544,28609.5650
2893,event-847,PUBLISHED,0,2026-09-08 00:44:51.800979,2026-09-08 00:45:20.411455,28610.4760
2894,event-848,PUBLISHED,0,2026-09-08 00:44:51.800979,2026-09-08 00:45:20.412423,28611.4440
2895,event-849,PUBLISHED,0,2026-09-08 00:44:51.800979,2026-09-08 00:45:20.413147,28612.1680
2896,event-850,PUBLISHED,0,2026-09-08 00:44:51.800979,2026-09-08 00:45:20.414211,28613.2320
2897,event-851,PUBLISHED,0,2026-09-08 00:44:51.800979,2026-09-08 00:45:20.415979,28615.0000
2898,event-852,PUBLISHED,0,2026-09-08 00:44:51.800979,2026-09-08 00:45:20.417697,28616.7180
2899,event-853,PUBLISHED,0,2026-09-08 00:44:51.800979,2026-09-08 00:45:20.419612,28618.6330
2900,event-854,PUBLISHED,0,2026-09-08 00:44:51.800979,2026-09-08 00:45:20.422307,28621.3280
2901,event-855,PUBLISHED,0,2026-09-08 00:44:51.800979,2026-09-08 00:45:20.423774,28622.7950
2902,event-856,PUBLISHED,0,2026-09-08 00:44:51.800979,2026-09-08 00:45:20.425547,28624.5680
2903,event-857,PUBLISHED,0,2026-09-08 00:44:51.800979,2026-09-08 00:45:20.426624,28625.6450
2904,event-858,PUBLISHED,0,2026-09-08 00:44:51.800979,2026-09-08 00:45:20.430509,28629.5300
2905,event-859,PUBLISHED,0,2026-09-08 00:44:51.800979,2026-09-08 00:45:20.432812,28631.8330
2906,event-860,PUBLISHED,0,2026-09-08 00:44:51.800979,2026-09-08 00:45:20.433787,28632.8080
2907,event-861,PUBLISHED,0,2026-09-08 00:44:51.800979,2026-09-08 00:45:20.434947,28633.9680
2908,event-862,PUBLISHED,0,2026-09-08 00:44:51.800979,2026-09-08 00:45:20.436929,28635.9500
2909,event-863,PUBLISHED,0,2026-09-08 00:44:51.800979,2026-09-08 00:45:20.437682,28636.7030
2910,event-864,PUBLISHED,0,2026-09-08 00:44:51.800979,2026-09-08 00:45:20.439262,28638.2830
2911,event-865,PUBLISHED,0,2026-09-08 00:44:51.800979,2026-09-08 00:45:20.441157,28640.1780
2912,event-866,PUBLISHED,0,2026-09-08 00:44:51.800979,2026-09-08 00:45:20.442133,28641.1540
2913,event-867,PUBLISHED,0,2026-09-08 00:44:51.800979,2026-09-08 00:45:20.442692,28641.7130
2914,event-868,PUBLISHED,0,2026-09-08 00:44:51.800979,2026-09-08 00:45:20.443217,28642.2380
2915,event-869,PUBLISHED,0,2026-09-08 00:44:51.800979,2026-09-08 00:45:20.443884,28642.9050
2916,event-870,PUBLISHED,0,2026-09-08 00:44:51.800979,2026-09-08 00:45:20.444694,28643.7150
2917,event-871,PUBLISHED,0,2026-09-08 00:44:51.800979,2026-09-08 00:45:20.445706,28644.7270
2918,event-872,PUBLISHED,0,2026-09-08 00:44:51.800979,2026-09-08 00:45:20.446485,28645.5060
2919,event-873,PUBLISHED,0,2026-09-08 00:44:51.800979,2026-09-08 00:45:20.447326,28646.3470
2920,event-874,PUBLISHED,0,2026-09-08 00:44:51.800979,2026-09-08 00:45:20.448611,28647.6320
2921,event-875,PUBLISHED,0,2026-09-08 00:44:51.800979,2026-09-08 00:45:20.449352,28648.3730
2922,event-876,PUBLISHED,0,2026-09-08 00:44:51.800979,2026-09-08 00:45:20.450444,28649.4650
2923,event-877,PUBLISHED,0,2026-09-08 00:44:51.800979,2026-09-08 00:45:20.451567,28650.5880
2924,event-878,PUBLISHED,0,2026-09-08 00:44:51.800979,2026-09-08 00:45:20.452603,28651.6240
2925,event-879,PUBLISHED,0,2026-09-08 00:44:51.800979,2026-09-08 00:45:20.454863,28653.8840
2926,event-880,PUBLISHED,0,2026-09-08 00:44:51.800979,2026-09-08 00:45:20.456200,28655.2210
2927,event-881,PUBLISHED,0,2026-09-08 00:44:51.800979,2026-09-08 00:45:20.458766,28657.7870
2928,event-882,PUBLISHED,0,2026-09-08 00:44:51.800979,2026-09-08 00:45:20.460510,28659.5310
2929,event-883,PUBLISHED,0,2026-09-08 00:44:51.800979,2026-09-08 00:45:20.462377,28661.3980
2930,event-884,PUBLISHED,0,2026-09-08 00:44:51.800979,2026-09-08 00:45:20.463187,28662.2080
2931,event-885,PUBLISHED,0,2026-09-08 00:44:51.800979,2026-09-08 00:45:20.464237,28663.2580
2932,event-886,PUBLISHED,0,2026-09-08 00:44:51.800979,2026-09-08 00:45:20.465643,28664.6640
2933,event-887,PUBLISHED,0,2026-09-08 00:44:51.800979,2026-09-08 00:45:20.466264,28665.2850
2934,event-888,PUBLISHED,0,2026-09-08 00:44:51.800979,2026-09-08 00:45:20.466876,28665.8970
2935,event-889,PUBLISHED,0,2026-09-08 00:44:51.800979,2026-09-08 00:45:20.468536,28667.5570
2936,event-890,PUBLISHED,0,2026-09-08 00:44:51.800979,2026-09-08 00:45:20.469693,28668.7140
2937,event-891,PUBLISHED,0,2026-09-08 00:44:51.800979,2026-09-08 00:45:20.470396,28669.4170
2938,event-892,PUBLISHED,0,2026-09-08 00:44:51.800979,2026-09-08 00:45:20.471028,28670.0490
2939,event-893,PUBLISHED,0,2026-09-08 00:44:51.800979,2026-09-08 00:45:20.471731,28670.7520
2940,event-894,PUBLISHED,0,2026-09-08 00:44:51.800979,2026-09-08 00:45:20.473856,28672.8770
2941,event-895,PUBLISHED,0,2026-09-08 00:44:51.800979,2026-09-08 00:45:20.475799,28674.8200
2942,event-896,PUBLISHED,0,2026-09-08 00:44:51.800979,2026-09-08 00:45:20.476578,28675.5990
2943,event-897,PUBLISHED,0,2026-09-08 00:44:51.800979,2026-09-08 00:45:20.477169,28676.1900
2944,event-898,PUBLISHED,0,2026-09-08 00:44:51.800979,2026-09-08 00:45:20.477823,28676.8440
2945,event-899,PUBLISHED,0,2026-09-08 00:44:51.800979,2026-09-08 00:45:20.478535,28677.5560
2946,event-900,PUBLISHED,0,2026-09-08 00:44:51.800979,2026-09-08 00:45:20.479440,28678.4610
2947,event-901,PUBLISHED,0,2026-09-08 00:44:51.800979,2026-09-08 00:45:23.589634,31788.6550
2948,event-902,PUBLISHED,0,2026-09-08 00:44:51.800979,2026-09-08 00:45:23.590735,31789.7560
2949,event-903,PUBLISHED,0,2026-09-08 00:44:51.800979,2026-09-08 00:45:23.591408,31790.4290
2950,event-904,PUBLISHED,0,2026-09-08 00:44:51.800979,2026-09-08 00:45:23.592116,31791.1370
2951,event-905,PUBLISHED,0,2026-09-08 00:44:51.800979,2026-09-08 00:45:23.593296,31792.3170
2952,event-906,PUBLISHED,0,2026-09-08 00:44:51.800979,2026-09-08 00:45:23.594297,31793.3180
2953,event-907,PUBLISHED,0,2026-09-08 00:44:51.800979,2026-09-08 00:45:23.595169,31794.1900
2954,event-908,PUBLISHED,0,2026-09-08 00:44:51.800979,2026-09-08 00:45:23.595957,31794.9780
2955,event-909,PUBLISHED,0,2026-09-08 00:44:51.800979,2026-09-08 00:45:23.597342,31796.3630
2956,event-910,PUBLISHED,0,2026-09-08 00:44:51.800979,2026-09-08 00:45:23.598042,31797.0630
2957,event-911,PUBLISHED,0,2026-09-08 00:44:51.800979,2026-09-08 00:45:23.598757,31797.7780
2958,event-912,PUBLISHED,0,2026-09-08 00:44:51.800979,2026-09-08 00:45:23.599356,31798.3770
2959,event-913,PUBLISHED,0,2026-09-08 00:44:51.800979,2026-09-08 00:45:23.599851,31798.8720
2960,event-914,PUBLISHED,0,2026-09-08 00:44:51.800979,2026-09-08 00:45:23.600769,31799.7900
2961,event-915,PUBLISHED,0,2026-09-08 00:44:51.800979,2026-09-08 00:45:23.601389,31800.4100
2962,event-916,PUBLISHED,0,2026-09-08 00:44:51.800979,2026-09-08 00:45:23.602062,31801.0830
2963,event-917,PUBLISHED,0,2026-09-08 00:44:51.800979,2026-09-08 00:45:23.602700,31801.7210
2964,event-918,PUBLISHED,0,2026-09-08 00:44:51.800979,2026-09-08 00:45:23.603372,31802.3930
2965,event-919,PUBLISHED,0,2026-09-08 00:44:51.800979,2026-09-08 00:45:23.604082,31803.1030
2966,event-920,PUBLISHED,0,2026-09-08 00:44:51.800979,2026-09-08 00:45:23.605013,31804.0340
2967,event-921,PUBLISHED,0,2026-09-08 00:44:51.800979,2026-09-08 00:45:23.606515,31805.5360
2968,event-922,PUBLISHED,0,2026-09-08 00:44:51.800979,2026-09-08 00:45:23.607401,31806.4220
2969,event-923,PUBLISHED,0,2026-09-08 00:44:51.800979,2026-09-08 00:45:23.608201,31807.2220
2970,event-924,PUBLISHED,0,2026-09-08 00:44:51.800979,2026-09-08 00:45:23.609006,31808.0270
2971,event-925,PUBLISHED,0,2026-09-08 00:44:51.800979,2026-09-08 00:45:23.609692,31808.7130
2972,event-926,PUBLISHED,0,2026-09-08 00:44:51.800979,2026-09-08 00:45:23.610242,31809.2630
2973,event-927,PUBLISHED,0,2026-09-08 00:44:51.800979,2026-09-08 00:45:23.610757,31809.7780
2974,event-928,PUBLISHED,0,2026-09-08 00:44:51.800979,2026-09-08 00:45:23.611352,31810.3730
2975,event-929,PUBLISHED,0,2026-09-08 00:44:51.800979,2026-09-08 00:45:23.611896,31810.9170
2976,event-930,PUBLISHED,0,2026-09-08 00:44:51.800979,2026-09-08 00:45:23.612423,31811.4440
2977,event-931,PUBLISHED,0,2026-09-08 00:44:51.800979,2026-09-08 00:45:23.613019,31812.0400
2978,event-932,PUBLISHED,0,2026-09-08 00:44:51.800979,2026-09-08 00:45:23.614025,31813.0460
2979,event-933,PUBLISHED,0,2026-09-08 00:44:51.800979,2026-09-08 00:45:23.614997,31814.0180
2980,event-934,PUBLISHED,0,2026-09-08 00:44:51.800979,2026-09-08 00:45:23.615777,31814.7980
2981,event-935,PUBLISHED,0,2026-09-08 00:44:51.800979,2026-09-08 00:45:23.616385,31815.4060
2982,event-936,PUBLISHED,0,2026-09-08 00:44:51.800979,2026-09-08 00:45:23.616962,31815.9830
2983,event-937,PUBLISHED,0,2026-09-08 00:44:51.800979,2026-09-08 00:45:23.617669,31816.6900
2984,event-938,PUBLISHED,0,2026-09-08 00:44:51.800979,2026-09-08 00:45:23.618395,31817.4160
2985,event-939,PUBLISHED,0,2026-09-08 00:44:51.800979,2026-09-08 00:45:23.619087,31818.1080
2986,event-940,PUBLISHED,0,2026-09-08 00:44:51.800979,2026-09-08 00:45:23.619777,31818.7980
2987,event-941,PUBLISHED,0,2026-09-08 00:44:51.800979,2026-09-08 00:45:23.620473,31819.4940
2988,event-942,PUBLISHED,0,2026-09-08 00:44:51.800979,2026-09-08 00:45:23.621129,31820.1500
2989,event-943,PUBLISHED,0,2026-09-08 00:44:51.800979,2026-09-08 00:45:23.622054,31821.0750
2990,event-944,PUBLISHED,0,2026-09-08 00:44:51.800979,2026-09-08 00:45:23.622878,31821.8990
2991,event-945,PUBLISHED,0,2026-09-08 00:44:51.800979,2026-09-08 00:45:23.623555,31822.5760
2992,event-946,PUBLISHED,0,2026-09-08 00:44:51.800979,2026-09-08 00:45:23.624379,31823.4000
2993,event-947,PUBLISHED,0,2026-09-08 00:44:51.800979,2026-09-08 00:45:23.625083,31824.1040
2994,event-948,PUBLISHED,0,2026-09-08 00:44:51.800979,2026-09-08 00:45:23.625732,31824.7530
2995,event-949,PUBLISHED,0,2026-09-08 00:44:51.800979,2026-09-08 00:45:23.626417,31825.4380
2996,event-950,PUBLISHED,0,2026-09-08 00:44:51.800979,2026-09-08 00:45:23.626931,31825.9520
2997,event-951,PUBLISHED,0,2026-09-08 00:44:51.800979,2026-09-08 00:45:23.628544,31827.5650
2998,event-952,PUBLISHED,0,2026-09-08 00:44:51.800979,2026-09-08 00:45:23.629071,31828.0920
2999,event-953,PUBLISHED,0,2026-09-08 00:44:51.800979,2026-09-08 00:45:23.629996,31829.0170
3000,event-954,PUBLISHED,0,2026-09-08 00:44:51.800979,2026-09-08 00:45:23.631173,31830.1940
3001,event-955,PUBLISHED,0,2026-09-08 00:44:51.800979,2026-09-08 00:45:23.632058,31831.0790
3002,event-956,PUBLISHED,0,2026-09-08 00:44:51.800979,2026-09-08 00:45:23.632587,31831.6080
3003,event-957,PUBLISHED,0,2026-09-08 00:44:51.800979,2026-09-08 00:45:23.633144,31832.1650
3004,event-958,PUBLISHED,0,2026-09-08 00:44:51.800979,2026-09-08 00:45:23.633671,31832.6920
3005,event-959,PUBLISHED,0,2026-09-08 00:44:51.800979,2026-09-08 00:45:23.634327,31833.3480
3006,event-960,PUBLISHED,0,2026-09-08 00:44:51.800979,2026-09-08 00:45:23.635083,31834.1040
3007,event-961,PUBLISHED,0,2026-09-08 00:44:51.800979,2026-09-08 00:45:23.635890,31834.9110
3008,event-962,PUBLISHED,0,2026-09-08 00:44:51.800979,2026-09-08 00:45:23.636667,31835.6880
3009,event-963,PUBLISHED,0,2026-09-08 00:44:51.800979,2026-09-08 00:45:23.637498,31836.5190
3010,event-964,PUBLISHED,0,2026-09-08 00:44:51.800979,2026-09-08 00:45:23.638137,31837.1580
3011,event-965,PUBLISHED,0,2026-09-08 00:44:51.800979,2026-09-08 00:45:23.639147,31838.1680
3012,event-966,PUBLISHED,0,2026-09-08 00:44:51.800979,2026-09-08 00:45:23.640490,31839.5110
3013,event-967,PUBLISHED,0,2026-09-08 00:44:51.800979,2026-09-08 00:45:23.641485,31840.5060
3014,event-968,PUBLISHED,0,2026-09-08 00:44:51.800979,2026-09-08 00:45:23.642442,31841.4630
3015,event-969,PUBLISHED,0,2026-09-08 00:44:51.800979,2026-09-08 00:45:23.643154,31842.1750
3016,event-970,PUBLISHED,0,2026-09-08 00:44:51.800979,2026-09-08 00:45:23.644533,31843.5540
3017,event-971,PUBLISHED,0,2026-09-08 00:44:51.800979,2026-09-08 00:45:23.645183,31844.2040
3018,event-972,PUBLISHED,0,2026-09-08 00:44:51.800979,2026-09-08 00:45:23.645750,31844.7710
3019,event-973,PUBLISHED,0,2026-09-08 00:44:51.800979,2026-09-08 00:45:23.646509,31845.5300
3020,event-974,PUBLISHED,0,2026-09-08 00:44:51.800979,2026-09-08 00:45:23.647447,31846.4680
3021,event-975,PUBLISHED,0,2026-09-08 00:44:51.800979,2026-09-08 00:45:23.648215,31847.2360
3022,event-976,PUBLISHED,0,2026-09-08 00:44:51.800979,2026-09-08 00:45:23.648776,31847.7970
3023,event-977,PUBLISHED,0,2026-09-08 00:44:51.800979,2026-09-08 00:45:23.649365,31848.3860
3024,event-978,PUBLISHED,0,2026-09-08 00:44:51.800979,2026-09-08 00:45:23.649890,31848.9110
3025,event-979,PUBLISHED,0,2026-09-08 00:44:51.800979,2026-09-08 00:45:23.650448,31849.4690
3026,event-980,PUBLISHED,0,2026-09-08 00:44:51.800979,2026-09-08 00:45:23.651351,31850.3720
3027,event-981,PUBLISHED,0,2026-09-08 00:44:51.800979,2026-09-08 00:45:23.652027,31851.0480
3028,event-982,PUBLISHED,0,2026-09-08 00:44:51.800979,2026-09-08 00:45:23.652740,31851.7610
3029,event-983,PUBLISHED,0,2026-09-08 00:44:51.800979,2026-09-08 00:45:23.653384,31852.4050
3030,event-984,PUBLISHED,0,2026-09-08 00:44:51.800979,2026-09-08 00:45:23.654078,31853.0990
3031,event-985,PUBLISHED,0,2026-09-08 00:44:51.800979,2026-09-08 00:45:23.654851,31853.8720
3032,event-986,PUBLISHED,0,2026-09-08 00:44:51.800979,2026-09-08 00:45:23.655935,31854.9560
3033,event-987,PUBLISHED,0,2026-09-08 00:44:51.800979,2026-09-08 00:45:23.656854,31855.8750
3034,event-988,PUBLISHED,0,2026-09-08 00:44:51.800979,2026-09-08 00:45:23.657672,31856.6930
3035,event-989,PUBLISHED,0,2026-09-08 00:44:51.800979,2026-09-08 00:45:23.658444,31857.4650
3036,event-990,PUBLISHED,0,2026-09-08 00:44:51.800979,2026-09-08 00:45:23.659137,31858.1580
3037,event-991,PUBLISHED,0,2026-09-08 00:44:51.800979,2026-09-08 00:45:23.659746,31858.7670
3038,event-992,PUBLISHED,0,2026-09-08 00:44:51.800979,2026-09-08 00:45:23.660326,31859.3470
3039,event-993,PUBLISHED,0,2026-09-08 00:44:51.800979,2026-09-08 00:45:23.660887,31859.9080
3040,event-994,PUBLISHED,0,2026-09-08 00:44:51.800979,2026-09-08 00:45:23.661445,31860.4660
3041,event-995,PUBLISHED,0,2026-09-08 00:44:51.800979,2026-09-08 00:45:23.661972,31860.9930
3042,event-996,PUBLISHED,0,2026-09-08 00:44:51.800979,2026-09-08 00:45:23.662545,31861.5660
3043,event-997,PUBLISHED,0,2026-09-08 00:44:51.800979,2026-09-08 00:45:23.663113,31862.1340
3044,event-998,PUBLISHED,0,2026-09-08 00:44:51.800979,2026-09-08 00:45:23.665354,31864.3750
3045,event-999,PUBLISHED,0,2026-09-08 00:44:51.800979,2026-09-08 00:45:23.666172,31865.1930
3046,event-1000,PUBLISHED,0,2026-09-08 00:44:51.800979,2026-09-08 00:45:23.666748,31865.7690
